Hardware name,Manufacturer,Type,Release date,Release price (USD),Memory (bytes),Memory bandwidth (byte/s),Base clock (MHz),Memory clock (MHz),Memory bus (bit)
GeForce2 Go 100,NVIDIA,GPU,2001,299.00,17179869,1328000000,125.0,166.0,32.0
GeForce2 Go 200,NVIDIA,GPU,2001,12000.00,34359738,2656000000,143.0,166.0,64.0
GeForce2 Go,NVIDIA,GPU,2000,30000.00,68719477,2656000000,143.0,166.0,64.0
GeForce2 GTS PRO,NVIDIA,GPU,2000,299.00,34359738,6400000000,200.0,200.0,128.0
GeForce2 GTS,NVIDIA,GPU,2000,35000.00,34359738,5312000000,200.0,166.0,128.0
GeForce2 MX 200 LP,NVIDIA,GPU,2001,2499.00,34359738,2656000000,175.0,166.0,64.0
GeForce2 MX 200 PCI,NVIDIA,GPU,2001,899.00,68719477,2656000000,175.0,166.0,64.0
GeForce2 MX 200,NVIDIA,GPU,2001,6999.00,34359738,2656000000,175.0,166.0,64.0
GeForce2 MX 400 PCI,NVIDIA,GPU,2001,30000.00,34359738,2656000000,200.0,166.0,64.0
GeForce2 MX 400,NVIDIA,GPU,2001,2499.00,34359738,5312000000,200.0,166.0,128.0
GeForce2 MX DH Pro TV PCI,NVIDIA,GPU,2000,4999.00,34359738,5312000000,175.0,166.0,128.0
GeForce2 MX DH Pro TV,NVIDIA,GPU,2000,3499.00,34359738,5312000000,175.0,166.0,128.0
GeForce2 MX + nForce 220,NVIDIA,GPU,2001,899.00,2147483648,40096000000,10.0,8.0,128.0
GeForce2 MX + nForce 420,NVIDIA,GPU,2001,30000.00,2147483648,40096000000,25.0,8.0,128.0
GeForce2 MX PCI,NVIDIA,GPU,2000,9999.00,34359738,2656000000,175.0,166.0,64.0
GeForce2 MX,NVIDIA,GPU,2000,35000.00,34359738,5312000000,175.0,166.0,128.0
GeForce2 PRO,NVIDIA,GPU,2000,40000.00,68719477,6400000000,200.0,200.0,128.0
GeForce2 Ti,NVIDIA,GPU,2001,15000.00,68719477,6400000000,250.0,200.0,128.0
GeForce2 Ultra,NVIDIA,GPU,2000,1499.00,68719477,7360000000,250.0,230.0,128.0
GeForce 205 OEM,NVIDIA,GPU,2009,15000.00,549755814,6400000000,589.0,400.0,64.0
GeForce 210 OEM,NVIDIA,GPU,2009,6999.00,1099511628,6400000000,475.0,400.0,64.0
GeForce 210 PCI,NVIDIA,GPU,2009,1499.00,549755814,6400000000,475.0,400.0,64.0
GeForce 210 Rev. 2,NVIDIA,GPU,2009,20000.00,1099511628,6400000000,520.0,400.0,64.0
Radeon 2100 IGP,Ati,GPU,2008,20000.00,274877907,12800000000,143.0,166.0,128.0
GeForce 210,NVIDIA,GPU,2009,9999.00,549755814,6400000000,520.0,400.0,64.0
GeForce 256 DDR,NVIDIA,GPU,1999,499.00,34359738,4800000000,120.0,150.0,128.0
GeForce 256 SDR,NVIDIA,GPU,1999,15000.00,34359738,4576000000,120.0,143.0,128.0
GeForce3 Ti200,NVIDIA,GPU,2001,20000.00,68719477,6400000000,175.0,200.0,128.0
GeForce3 Ti500,NVIDIA,GPU,2001,499.00,68719477,8000000000,240.0,250.0,128.0
Radeon 3000 IGP,Ati,GPU,2009,4999.00,274877907,12800000000,166.0,166.0,128.0
GeForce 305M,NVIDIA,GPU,2010,30000.00,549755814,11200000000,525.0,700.0,64.0
GeForce 310 OEM,NVIDIA,GPU,2009,899.00,549755814,5328000000,589.0,333.0,64.0
Radeon 3100 IGP,Ati,GPU,2008,2499.00,274877907,12800000000,175.0,166.0,128.0
Radeon 3100 Mobile IGP,Ati,GPU,2008,899.00,274877907,12800000000,175.0,166.0,128.0
GeForce 310M,NVIDIA,GPU,2010,1499.00,1099511628,10672000000,606.0,667.0,64.0
GeForce 315 OEM,NVIDIA,GPU,2010,25000.00,549755814,12640000000,475.0,790.0,64.0
GeForce 315 OEM,NVIDIA,GPU,2011,3499.00,1099511628,9600000000,589.0,600.0,64.0
GeForce 315M,NVIDIA,GPU,2011,2499.00,549755814,12800000000,606.0,800.0,64.0
GeForce 320M Mac Edition,NVIDIA,GPU,2010,2499.00,2147483648,40096000000,250.0,166.0,128.0
GeForce 320M,NVIDIA,GPU,2010,40000.00,2147483648,40096000000,250.0,166.0,128.0
3D Rage II+ DVD,Ati,GPU,1996,699.00,4294967,1328000000,60.0,83.0,64.0
3D Rage IIC AGP,Ati,GPU,1996,15000.00,4294967,1328000000,60.0,83.0,64.0
3D Rage IIC PCI,Ati,GPU,1996,899.00,2147484,1328000000,60.0,83.0,64.0
3D Rage II,Ati,GPU,1996,25000.00,4294967,1328000000,60.0,83.0,64.0
3D Rage PRO AGP,Ati,GPU,1997,6999.00,2147484,1200000000,75.0,75.0,64.0
3D Rage PRO PCI,Ati,GPU,1997,399.00,8589935,1200000000,75.0,75.0,64.0
3D Rage,Ati,GPU,1996,12000.00,2147484,1056000000,44.0,66.0,64.0
GeForce3,NVIDIA,GPU,2001,1999.00,68719477,7360000000,200.0,230.0,128.0
GeForce4 410 Go,NVIDIA,GPU,2002,1199.00,17179869,3200000000,200.0,200.0,64.0
GeForce4 420 Go,NVIDIA,GPU,2002,40000.00,34359738,3200000000,200.0,200.0,64.0
GeForce4 440 Go,NVIDIA,GPU,2002,15000.00,68719477,7040000000,220.0,220.0,128.0
GeForce4 448 Go,NVIDIA,GPU,2002,15000.00,68719477,6400000000,200.0,200.0,128.0
GeForce4 460 Go,NVIDIA,GPU,2002,899.00,68719477,8000000000,250.0,250.0,128.0
GeForce4 488 Go,NVIDIA,GPU,2002,6999.00,68719477,8800000000,300.0,275.0,128.0
GeForce4 Go 4200,NVIDIA,GPU,2002,40000.00,68719477,3200000000,200.0,200.0,64.0
GeForce4 MX 4000 PCI,NVIDIA,GPU,2003,12000.00,137438953,2656000000,250.0,166.0,64.0
GeForce4 MX 4000 Rev. 2,NVIDIA,GPU,2003,399.00,137438953,2656000000,250.0,166.0,64.0
GeForce4 MX 4000,NVIDIA,GPU,2003,699.00,137438953,2656000000,250.0,166.0,64.0
GeForce4 MX 420 PCI,NVIDIA,GPU,2002,499.00,68719477,2656000000,250.0,166.0,64.0
GeForce4 MX 420,NVIDIA,GPU,2002,3499.00,68719477,5312000000,250.0,166.0,128.0
GeForce4 MX 440-8x,NVIDIA,GPU,2002,40000.00,68719477,8000000000,275.0,250.0,128.0
GeForce4 MX 440 Mac Edition,NVIDIA,GPU,2002,1199.00,68719477,6400000000,275.0,200.0,128.0
GeForce4 MX 440-SE,NVIDIA,GPU,2002,40000.00,68719477,3200000000,250.0,200.0,64.0
GeForce4 MX 440,NVIDIA,GPU,2002,25000.00,68719477,6400000000,275.0,200.0,128.0
GeForce4 MX 460,NVIDIA,GPU,2002,15000.00,68719477,7200000000,300.0,225.0,128.0
GeForce4 MX + nForce2,NVIDIA,GPU,2002,3499.00,2147483648,40096000000,10.0,10.0,128.0
GeForce4 Ti 4200-8X,NVIDIA,GPU,2002,399.00,68719477,8000000000,250.0,250.0,128.0
GeForce4 Ti 4200,NVIDIA,GPU,2002,699.00,68719477,4000000000,250.0,250.0,64.0
GeForce4 Ti 4400,NVIDIA,GPU,2002,30000.00,137438953,8800000000,275.0,275.0,128.0
GeForce4 Ti 4600,NVIDIA,GPU,2002,399.00,137438953,10368000000,300.0,324.0,128.0
GeForce4 Ti 4800 SE,NVIDIA,GPU,2003,9999.00,137438953,8800000000,275.0,275.0,128.0
GeForce4 Ti 4800,NVIDIA,GPU,2003,25000.00,137438953,10400000000,300.0,325.0,128.0
GeForce 405 OEM,NVIDIA,GPU,2010,2499.00,1099511628,12800000000,475.0,400.0,128.0
GeForce 405M,NVIDIA,GPU,2011,399.00,549755814,12800000000,606.0,800.0,64.0
GeForce 410M,NVIDIA,GPU,2011,20000.00,549755814,12800000000,574.0,800.0,64.0
GeForce 505 OEM,NVIDIA,GPU,2013,12000.00,1099511628,22400000000,615.0,700.0,128.0
GeForce 510 OEM,NVIDIA,GPU,2011,3499.00,1099511628,14368000000,523.0,898.0,64.0
Radeon 520 Mobile,AMD,GPU,2017,899.00,2147483648,16000000000,1030.0,1000.0,64.0
Radeon 530 Mobile,AMD,GPU,2017,4999.00,2147483648,14400000000,730.0,900.0,64.0
Radeon 530X Mobile,AMD,GPU,2017,20000.00,2147483648,18000000000,730.0,1125.0,64.0
Radeon 535 Mobile,AMD,GPU,2017,40000.00,2147483648,18000000000,730.0,1125.0,64.0
Radeon 540 Mobile,AMD,GPU,2019,1999.00,2147483648,24000000000,1100.0,1500.0,64.0
Radeon 540X Mobile,AMD,GPU,2018,40000.00,2147483648,24000000000,980.0,1500.0,64.0
Radeon 540X Mobile,AMD,GPU,2019,2499.00,2147483648,16000000000,980.0,1000.0,64.0
Radeon 550X 640SP,AMD,GPU,2018,1999.00,4294967296,24000000000,1019.0,1500.0,64.0
Radeon 550X Mobile,AMD,GPU,2018,40000.00,4294967296,24000000000,1100.0,1500.0,64.0
Radeon 550X,AMD,GPU,2019,35000.00,2147483648,56000000000,1082.0,1750.0,128.0
Radeon 550,AMD,GPU,2017,30000.00,2147483648,28000000000,1100.0,1750.0,64.0
GeForce 605 OEM,NVIDIA,GPU,2012,1199.00,549755814,14352000000,523.0,897.0,64.0
Radeon 610 Mobile,AMD,GPU,2019,25000.00,2147483648,16000000000,1030.0,1000.0,64.0
GeForce 6100 + nForce 400,NVIDIA,GPU,2004,35000.00,2147483648,40096000000,50.0,50.0,128.0
GeForce 6100 + nForce 405,NVIDIA,GPU,2004,299.00,2147483648,40096000000,75.0,60.0,128.0
GeForce 6100 + nForce 420,NVIDIA,GPU,2004,1199.00,2147483648,40096000000,80.0,60.0,128.0
GeForce 6100 + nForce 430,NVIDIA,GPU,2004,40000.00,2147483648,40096000000,62.0,62.0,128.0
GeForce 6100,NVIDIA,GPU,2004,6999.00,2147483648,40096000000,75.0,50.0,128.0
Radeon 610M,AMD,GPU,2022,899.00,2147483648,48000000000,295.0,285.0,128.0
Radeon 610M,AMD,GPU,2023,699.00,2147483648,48000000000,300.0,300.0,128.0
GeForce 610M,NVIDIA,GPU,2011,3499.00,1099511628,14400000000,738.0,900.0,64.0
GeForce 610,NVIDIA,GPU,2011,40000.00,1099511628,14400000000,738.0,900.0,64.0
GeForce 6150 LE,NVIDIA,GPU,2004,12000.00,2147483648,40096000000,41.0,62.0,128.0
GeForce 6150 SE + nForce 430,NVIDIA,GPU,2004,12000.00,2147483648,40096000000,62.0,66.0,128.0
GeForce 6150,NVIDIA,GPU,2004,699.00,2147483648,40096000000,62.0,62.0,128.0
GeForce 615,NVIDIA,GPU,2012,4999.00,1099511628,28800000000,660.0,900.0,128.0
Radeon 620 Mobile,AMD,GPU,2019,2499.00,2147483648,14400000000,730.0,900.0,64.0
GeForce 6200 AGP,NVIDIA,GPU,2003,399.00,137438953,1056000000,230.0,66.0,64.0
GeForce 6200 AGP,NVIDIA,GPU,2005,899.00,274877907,4256000000,350.0,266.0,64.0
GeForce 6200 LE AGP 512 MB,NVIDIA,GPU,2004,15000.00,549755814,8800000000,300.0,275.0,128.0
GeForce 6200 LE AGP,NVIDIA,GPU,2005,899.00,137438953,4256000000,350.0,266.0,64.0
GeForce 6200 LE PCI,NVIDIA,GPU,2004,15000.00,274877907,4256000000,300.0,266.0,64.0
GeForce 6200 LE,NVIDIA,GPU,2005,1999.00,137438953,4256000000,350.0,266.0,64.0
GeForce 6200 PCI,NVIDIA,GPU,2008,699.00,274877907,3200000000,280.0,200.0,64.0
GeForce 6200 SE TurboCache,NVIDIA,GPU,2004,15000.00,68719477,2000000000,350.0,250.0,32.0
GeForce 6200 TurboCache,NVIDIA,GPU,2004,12000.00,68719477,4000000000,350.0,250.0,64.0
GeForce 6200 X2 PCI,NVIDIA,GPU,2008,4999.00,274877907,3200000000,280.0,200.0,64.0
GeForce 6200,NVIDIA,GPU,2004,699.00,137438953,8800000000,300.0,275.0,128.0
GeForce 620M,NVIDIA,GPU,2012,12000.00,1099511628,14400000000,625.0,900.0,64.0
Radeon 625 Mobile,AMD,GPU,2019,20000.00,2147483648,14400000000,730.0,900.0,64.0
Radeon 630 Mobile,AMD,GPU,2019,6999.00,2147483648,48000000000,1082.0,1500.0,128.0
GeForce 6500,NVIDIA,GPU,2005,12000.00,137438953,8512000000,400.0,266.0,128.0
GeForce 6600 AGP,NVIDIA,GPU,2004,1199.00,137438953,8000000000,300.0,250.0,128.0
GeForce 6600 GT AGP,NVIDIA,GPU,2004,899.00,137438953,15200000000,500.0,475.0,128.0
GeForce 6600 GT Dual,NVIDIA,GPU,2004,4999.00,137438953,17920000000,500.0,560.0,128.0
GeForce 6600 GT,NVIDIA,GPU,2004,699.00,137438953,16000000000,500.0,500.0,128.0
GeForce 6600 LE AGP,NVIDIA,GPU,2005,30000.00,137438953,6400000000,300.0,200.0,128.0
GeForce 6600 LE,NVIDIA,GPU,2005,12000.00,137438953,8000000000,300.0,250.0,128.0
GeForce 6600 VE,NVIDIA,GPU,2005,25000.00,137438953,6400000000,300.0,200.0,128.0
GeForce 6600,NVIDIA,GPU,2004,12000.00,274877907,8000000000,300.0,250.0,128.0
Radeon 660M,AMD,GPU,2022,15000.00,2147483648,48000000000,300.0,290.0,128.0
Radeon 660M,AMD,GPU,2023,3499.00,2147483648,48000000000,300.0,300.0,128.0
GeForce 6610 XL,NVIDIA,GPU,2004,699.00,137438953,12800000000,400.0,400.0,128.0
GeForce 6700 XL,NVIDIA,GPU,2004,4999.00,137438953,17600000000,525.0,550.0,128.0
GeForce 6800 GS,NVIDIA,GPU,2005,4999.00,274877907,32000000000,425.0,500.0,256.0
GeForce 6800 GT DDL,NVIDIA,GPU,2004,6999.00,274877907,32000000000,350.0,500.0,256.0
GeForce 6800 GT Dual,NVIDIA,GPU,2004,20000.00,274877907,32000000000,350.0,500.0,256.0
GeForce 6800 GTO,NVIDIA,GPU,2004,15000.00,274877907,32000000000,350.0,500.0,256.0
GeForce 6800 GT,NVIDIA,GPU,2004,4999.00,274877907,32000000000,350.0,500.0,256.0
GeForce 6800 LE,NVIDIA,GPU,2004,25000.00,137438953,22400000000,300.0,350.0,256.0
GeForce 6800 LE,NVIDIA,GPU,2005,2499.00,274877907,19200000000,325.0,300.0,256.0
GeForce 6800 Ultra DDL,NVIDIA,GPU,2004,6999.00,274877907,35200000000,400.0,550.0,256.0
GeForce 6800 Ultra,NVIDIA,GPU,2004,699.00,274877907,35200000000,425.0,550.0,256.0
GeForce 6800 XE,NVIDIA,GPU,2005,9999.00,274877907,8512000000,275.0,266.0,128.0
GeForce 6800 XT,NVIDIA,GPU,2005,30000.00,274877907,8512000000,300.0,266.0,128.0
GeForce 6800,NVIDIA,GPU,2004,15000.00,274877907,19200000000,325.0,300.0,256.0
Radeon 680M,AMD,GPU,2022,399.00,2147483648,48000000000,331.0,290.0,128.0
Radeon 680M,AMD,GPU,2023,1199.00,2147483648,48000000000,400.0,300.0,128.0
Radeon 7000 Mac Edition PCI,Ati,GPU,2004,35000.00,34359738,2928000000,183.0,183.0,64.0
Radeon 7000 Mac Edition,Ati,GPU,2004,299.00,34359738,2928000000,183.0,183.0,64.0
Radeon 7000 PCI,Ati,GPU,2001,30000.00,34359738,2128000000,133.0,133.0,64.0
GeForce 7000M + nForce 610M,NVIDIA,GPU,2006,9999.00,2147483648,40096000000,60.0,83.0,128.0
Radeon 7000,Ati,GPU,2001,399.00,34359738,2928000000,183.0,183.0,64.0
GeForce 7025 + nForce 630a,NVIDIA,GPU,2006,4999.00,2147483648,40096000000,125.0,83.0,128.0
GeForce 7050 + nForce 610i,NVIDIA,GPU,2008,9999.00,2147483648,40096000000,118.0,143.0,128.0
GeForce 7050 + nForce 620i,NVIDIA,GPU,2007,12000.00,2147483648,40096000000,100.0,100.0,128.0
GeForce 7050 + nForce 630a,NVIDIA,GPU,2006,12000.00,2147483648,40096000000,133.0,83.0,128.0
GeForce 7050 + nForce 630i,NVIDIA,GPU,2007,25000.00,2147483648,40096000000,100.0,100.0,128.0
GeForce 7050 PV + nForce 630a,NVIDIA,GPU,2006,25000.00,2147483648,40096000000,133.0,83.0,128.0
GeForce 7050 SE + nForce 630a,NVIDIA,GPU,2006,30000.00,2147483648,40096000000,90.0,90.0,128.0
GeForce 705A,NVIDIA,GPU,2013,899.00,1099511628,14400000000,738.0,900.0,64.0
GeForce 705A,NVIDIA,GPU,2014,299.00,1099511628,14400000000,475.0,900.0,64.0
GeForce 705M,NVIDIA,GPU,2013,3499.00,1099511628,14400000000,738.0,900.0,64.0
GeForce 7100 GS,NVIDIA,GPU,2006,12000.00,137438953,4256000000,350.0,266.0,64.0
GeForce 7100 + nForce 630i,NVIDIA,GPU,2007,3499.00,2147483648,40096000000,45.0,100.0,128.0
GeForce 710A,NVIDIA,GPU,2013,499.00,2147483648,14400000000,775.0,900.0,64.0
GeForce 710A,NVIDIA,GPU,2014,1999.00,1099511628,14400000000,719.0,900.0,64.0
GeForce 710A,NVIDIA,GPU,2015,499.00,2147483648,28832000000,810.0,901.0,128.0
GeForce 710M,NVIDIA,GPU,2013,499.00,1099511628,14400000000,719.0,900.0,64.0
GeForce 7150 + nForce 630i,NVIDIA,GPU,2007,1199.00,2147483648,40096000000,103.0,103.0,128.0
GeForce 7150M + nForce 630M,NVIDIA,GPU,2007,1199.00,2147483648,40096000000,105.0,105.0,128.0
Radeon 7200 64 MB,Ati,GPU,2000,1999.00,68719477,5312000000,166.0,166.0,128.0
GeForce 7200 GS,NVIDIA,GPU,2006,1999.00,137438953,5344000000,450.0,334.0,64.0
Radeon 7200,Ati,GPU,2000,40000.00,34359738,5312000000,166.0,166.0,128.0
GeForce 720A,NVIDIA,GPU,2014,30000.00,1099511628,16000000000,775.0,1000.0,64.0
GeForce 720M,NVIDIA,GPU,2013,299.00,2147483648,12800000000,625.0,800.0,64.0
GeForce 7300 GS Low Profile,NVIDIA,GPU,2006,30000.00,274877907,4256000000,450.0,266.0,64.0
GeForce 7300 GS,NVIDIA,GPU,2006,399.00,274877907,4256000000,450.0,266.0,64.0
GeForce 7300 GT AGP,NVIDIA,GPU,2006,499.00,137438953,10400000000,350.0,325.0,128.0
GeForce 7300 GT Mac Edition,NVIDIA,GPU,2006,30000.00,137438953,16000000000,350.0,500.0,128.0
GeForce 7300 GT,NVIDIA,GPU,2006,30000.00,137438953,10400000000,350.0,325.0,128.0
GeForce 7300 LE,NVIDIA,GPU,2006,20000.00,137438953,5184000000,450.0,324.0,64.0
GeForce 7300 SE,NVIDIA,GPU,2006,2499.00,274877907,4256000000,450.0,266.0,64.0
GeForce 7350 LE,NVIDIA,GPU,2006,4999.00,137438953,6400000000,450.0,400.0,64.0
Radeon 740M,AMD,GPU,2023,1199.00,2147483648,48000000000,500.0,300.0,128.0
Radeon 7500 LE,Ati,GPU,2001,1999.00,68719477,5600000000,250.0,175.0,128.0
GeForce 7500 LE,NVIDIA,GPU,2006,699.00,68719477,6480000000,475.0,405.0,64.0
Radeon 7500 Mac Edition,Ati,GPU,2002,2499.00,34359738,5760000000,260.0,180.0,128.0
Radeon 7500,Ati,GPU,2001,1499.00,68719477,7360000000,290.0,230.0,128.0
GeForce 7600 GS AGP,NVIDIA,GPU,2006,1499.00,274877907,12800000000,400.0,400.0,128.0
GeForce 7600 GS,NVIDIA,GPU,2006,2499.00,274877907,12800000000,400.0,400.0,128.0
GeForce 7600 GT AGP,NVIDIA,GPU,2007,2499.00,274877907,22400000000,560.0,700.0,128.0
GeForce 7600 GT Mac Edition,NVIDIA,GPU,2006,25000.00,274877907,22400000000,560.0,700.0,128.0
GeForce 7600 GT,NVIDIA,GPU,2006,1199.00,274877907,22400000000,560.0,700.0,128.0
GeForce 7600 LE,NVIDIA,GPU,2006,2499.00,274877907,12800000000,400.0,400.0,128.0
Radeon 760M,AMD,GPU,2023,2499.00,2147483648,48000000000,250.0,300.0,128.0
GeForce 7650 GS,NVIDIA,GPU,2006,30000.00,274877907,12800000000,450.0,400.0,128.0
GeForce 7800 GS 20Pipes AGP,NVIDIA,GPU,2006,30000.00,549755814,40000000000,425.0,625.0,256.0
GeForce 7800 GS 24Pipes AGP,NVIDIA,GPU,2006,1999.00,549755814,40000000000,425.0,625.0,256.0
GeForce 7800 GS AGP,NVIDIA,GPU,2006,40000.00,274877907,38400000000,375.0,600.0,256.0
GeForce 7800 GT Dual,NVIDIA,GPU,2005,30000.00,274877907,32000000000,400.0,500.0,256.0
GeForce 7800 GTX 512,NVIDIA,GPU,2005,899.00,549755814,51200000000,500.0,800.0,256.0
GeForce 7800 GTX,NVIDIA,GPU,2005,20000.00,274877907,38400000000,430.0,600.0,256.0
GeForce 7800 GT,NVIDIA,GPU,2005,12000.00,274877907,32000000000,400.0,500.0,256.0
Radeon 780M,AMD,GPU,2023,20000.00,2147483648,48000000000,400.0,300.0,128.0
GeForce 7900 GS AGP,NVIDIA,GPU,2006,1999.00,274877907,42240000000,450.0,660.0,256.0
GeForce 7900 GS,NVIDIA,GPU,2006,299.00,274877907,42240000000,450.0,660.0,256.0
GeForce 7900 GTO,NVIDIA,GPU,2006,12000.00,549755814,42240000000,650.0,660.0,256.0
GeForce 7900 GTX,NVIDIA,GPU,2006,399.00,549755814,51200000000,650.0,800.0,256.0
GeForce 7900 GT,NVIDIA,GPU,2006,35000.00,274877907,42240000000,450.0,660.0,256.0
GeForce 7900 GX2,NVIDIA,GPU,2006,499.00,549755814,38400000000,500.0,600.0,256.0
GeForce 7950 GT AGP,NVIDIA,GPU,2007,399.00,549755814,38400000000,500.0,600.0,256.0
GeForce 7950 GT,NVIDIA,GPU,2006,4999.00,549755814,44800000000,550.0,700.0,256.0
GeForce 7950 GX2,NVIDIA,GPU,2006,699.00,549755814,38400000000,500.0,600.0,256.0
GeForce 800A,NVIDIA,GPU,2014,2499.00,1099511628,14400000000,475.0,900.0,64.0
GeForce 800M,NVIDIA,GPU,2014,3499.00,1099511628,14400000000,738.0,900.0,64.0
GeForce 805A,NVIDIA,GPU,2014,9999.00,1099511628,16016000000,719.0,1001.0,64.0
GeForce 8100 + nForce 720a,NVIDIA,GPU,2007,1999.00,2147483648,40096000000,105.0,105.0,128.0
GeForce 810A,NVIDIA,GPU,2014,12000.00,2147483648,14400000000,719.0,900.0,64.0
GeForce 810M,NVIDIA,GPU,2014,399.00,1099511628,14400000000,738.0,900.0,64.0
GeForce 810M,NVIDIA,GPU,2015,499.00,2147483648,14400000000,835.0,900.0,64.0
GeForce 8200M G mGPU AMD,NVIDIA,GPU,2008,899.00,2147483648,40096000000,125.0,143.0,128.0
GeForce 8200M G mGPU Intel,NVIDIA,GPU,2008,9999.00,2147483648,40096000000,143.0,143.0,128.0
GeForce 8200,NVIDIA,GPU,2007,35000.00,2147483648,40096000000,105.0,105.0,128.0
GeForce 820A,NVIDIA,GPU,2014,1199.00,1099511628,14400000000,775.0,900.0,64.0
GeForce 820M,NVIDIA,GPU,2013,399.00,1099511628,14400000000,625.0,900.0,64.0
GeForce 820M,NVIDIA,GPU,2015,15000.00,2147483648,28832000000,810.0,901.0,128.0
GeForce 825M,NVIDIA,GPU,2014,15000.00,1099511628,14400000000,850.0,900.0,64.0
GeForce 8300 GS,NVIDIA,GPU,2007,4999.00,137438953,6400000000,459.0,400.0,64.0
GeForce 8300,NVIDIA,GPU,2007,20000.00,2147483648,40096000000,105.0,105.0,128.0
GeForce 830A,NVIDIA,GPU,2014,9999.00,2147483648,14400000000,1082.0,900.0,64.0
GeForce 830M,NVIDIA,GPU,2014,40000.00,2147483648,14400000000,1082.0,900.0,64.0
GeForce 8400 GS PCI Rev. 2,NVIDIA,GPU,2007,4999.00,549755814,8000000000,520.0,500.0,64.0
GeForce 8400 GS PCI,NVIDIA,GPU,2007,399.00,549755814,5328000000,567.0,333.0,64.0
GeForce 8400 GS Rev. 2,NVIDIA,GPU,2007,399.00,549755814,6400000000,567.0,400.0,64.0
GeForce 8400 GS Rev. 3,NVIDIA,GPU,2010,299.00,549755814,6400000000,520.0,400.0,64.0
GeForce 8400 GS,NVIDIA,GPU,2007,12000.00,274877907,6400000000,459.0,400.0,64.0
GeForce 8400 SE,NVIDIA,GPU,2008,499.00,137438953,6400000000,459.0,400.0,64.0
GeForce 8400M GS,NVIDIA,GPU,2007,12000.00,274877907,6400000000,400.0,400.0,64.0
GeForce 8400M GT,NVIDIA,GPU,2007,1199.00,549755814,19200000000,450.0,600.0,128.0
GeForce 8400M G,NVIDIA,GPU,2007,699.00,274877907,6400000000,400.0,400.0,64.0
GeForce 8400,NVIDIA,GPU,2007,899.00,274877907,8000000000,540.0,500.0,64.0
GeForce 840A,NVIDIA,GPU,2014,1199.00,2147483648,16016000000,1029.0,1001.0,64.0
GeForce 840M,NVIDIA,GPU,2014,2499.00,2147483648,16016000000,1029.0,1001.0,64.0
GeForce 845M,NVIDIA,GPU,2015,35000.00,2147483648,16016000000,863.0,1001.0,64.0
GeForce 8500 GT,NVIDIA,GPU,2007,299.00,274877907,12800000000,459.0,400.0,128.0
Radeon 8500 LE,Ati,GPU,2002,399.00,68719477,8000000000,250.0,250.0,128.0
Radeon 8500 X4,Ati,GPU,,1199.00,68719477,4000000000,250.0,250.0,64.0
Radeon 8500 XT,Ati,GPU,,699.00,137438953,9600000000,300.0,300.0,128.0
Radeon 8500,Ati,GPU,2001,15000.00,68719477,8800000000,275.0,275.0,128.0
8514-Ultra,Ati,GPU,1992,699.00,1073742,80000000,10.0,10.0,32.0
GeForce 8600 GS,NVIDIA,GPU,2007,12000.00,549755814,12800000000,540.0,400.0,128.0
GeForce 8600 GT Mac Edition,NVIDIA,GPU,2007,35000.00,137438953,24000000000,600.0,750.0,128.0
GeForce 8600 GTS Mac Edition,NVIDIA,GPU,2007,499.00,549755814,32256000000,675.0,1008.0,128.0
GeForce 8600 GTS,NVIDIA,GPU,2007,3499.00,274877907,32000000000,675.0,1000.0,128.0
GeForce 8600 GT,NVIDIA,GPU,2007,25000.00,549755814,22400000000,540.0,700.0,128.0
GeForce 8600M GS,NVIDIA,GPU,2007,399.00,549755814,12800000000,450.0,400.0,128.0
GeForce 8600M GT Mac Edition,NVIDIA,GPU,2007,20000.00,549755814,20320000000,470.0,635.0,128.0
GeForce 8600M GT,NVIDIA,GPU,2007,15000.00,549755814,12800000000,475.0,400.0,128.0
GeForce 8700M GT,NVIDIA,GPU,2007,12000.00,549755814,25600000000,625.0,800.0,128.0
GeForce 8800 GS Mac Edition,NVIDIA,GPU,2008,30000.00,549755814,51136000000,500.0,799.0,256.0
GeForce 8800 GS,NVIDIA,GPU,2008,35000.00,412316860,38400000000,550.0,800.0,192.0
GeForce 8800 GT Mac Edition,NVIDIA,GPU,2008,25000.00,549755814,57600000000,600.0,900.0,256.0
GeForce 8800 GTS 320,NVIDIA,GPU,2007,12000.00,343597384,63360000000,513.0,792.0,320.0
GeForce 8800 GTS 512,NVIDIA,GPU,2007,30000.00,549755814,52480000000,650.0,820.0,256.0
GeForce 8800 GTS 640,NVIDIA,GPU,2006,399.00,687194767,63360000000,513.0,792.0,320.0
GeForce 8800 GTS Core 112,NVIDIA,GPU,2007,499.00,687194767,64000000000,500.0,800.0,320.0
GeForce 8800 GTX,NVIDIA,GPU,2006,1499.00,824633721,86400000000,576.0,900.0,384.0
GeForce 8800 GT,NVIDIA,GPU,2007,3499.00,549755814,57600000000,600.0,900.0,256.0
GeForce 8800 Ultra,NVIDIA,GPU,2007,30000.00,824633721,103680000000,612.0,1080.0,384.0
GeForce 8800M GTS,NVIDIA,GPU,2007,15000.00,549755814,51200000000,500.0,800.0,256.0
GeForce 8800M GTX,NVIDIA,GPU,2007,699.00,549755814,51200000000,500.0,800.0,256.0
Radeon 880M,AMD,GPU,2024,499.00,2147483648,48000000000,350.0,300.0,128.0
Radeon 890M,AMD,GPU,2024,30000.00,2147483648,48000000000,250.0,300.0,128.0
Radeon 9000 LE,Ati,GPU,2002,299.00,68719477,6400000000,250.0,200.0,128.0
Radeon 9000 PRO Mac Edition,Ati,GPU,2004,1199.00,68719477,8800000000,275.0,275.0,128.0
Radeon 9000 PRO,Ati,GPU,2002,699.00,137438953,8800000000,275.0,275.0,128.0
Radeon 9000,Ati,GPU,2002,40000.00,68719477,6400000000,250.0,200.0,128.0
Radeon 9100 PCI,Ati,GPU,2003,2499.00,68719477,8000000000,250.0,250.0,128.0
GeForce 9100M G mGPU AMD,NVIDIA,GPU,2008,12000.00,2147483648,40096000000,143.0,143.0,128.0
GeForce 9100M G mGPU Intel,NVIDIA,GPU,2008,35000.00,2147483648,40096000000,143.0,143.0,128.0
Radeon 9100,Ati,GPU,2003,3499.00,68719477,8000000000,250.0,250.0,128.0
GeForce 9100,NVIDIA,GPU,2007,25000.00,2147483648,40096000000,90.0,110.0,128.0
GeForce 910M,NVIDIA,GPU,2015,15000.00,2147483648,16016000000,641.0,1001.0,64.0
Radeon 9200 LE,Ati,GPU,2003,30000.00,68719477,6400000000,250.0,200.0,128.0
Radeon 9200 PCI,Ati,GPU,2003,899.00,137438953,6400000000,250.0,200.0,128.0
Radeon 9200 PRO,Ati,GPU,2003,899.00,137438953,5312000000,240.0,166.0,128.0
Radeon 9200 SE PCI,Ati,GPU,2003,1999.00,68719477,2656000000,200.0,166.0,64.0
Radeon 9200 SE,Ati,GPU,2003,699.00,68719477,2656000000,200.0,166.0,64.0
GeForce 9200M GS,NVIDIA,GPU,2008,20000.00,274877907,11200000000,550.0,700.0,64.0
GeForce 9200M,NVIDIA,GPU,2008,4999.00,2147483648,40096000000,143.0,143.0,128.0
Radeon 9200,Ati,GPU,2003,4999.00,137438953,6400000000,250.0,200.0,128.0
GeForce 9200,NVIDIA,GPU,2007,399.00,2147483648,40096000000,84.0,112.0,128.0
GeForce 920A,NVIDIA,GPU,2015,4999.00,2147483648,16016000000,954.0,1001.0,64.0
GeForce 920MX,NVIDIA,GPU,2016,1999.00,2147483648,14400000000,965.0,900.0,64.0
GeForce 920M,NVIDIA,GPU,2015,25000.00,2147483648,14400000000,954.0,900.0,64.0
Radeon 9250 PCI,Ati,GPU,2004,399.00,137438953,3200000000,240.0,200.0,64.0
Radeon 9250,Ati,GPU,2004,4999.00,68719477,3200000000,240.0,200.0,64.0
GeForce 9300 GE,NVIDIA,GPU,2008,1999.00,274877907,6400000000,540.0,400.0,64.0
GeForce 9300 GS Rev. 2,NVIDIA,GPU,2011,6999.00,274877907,5328000000,589.0,333.0,64.0
GeForce 9300 GS,NVIDIA,GPU,2008,299.00,549755814,5328000000,567.0,333.0,64.0
GeForce 9300 + nForce 730i,NVIDIA,GPU,2007,699.00,2147483648,40096000000,84.0,112.0,128.0
GeForce 9300 SE,NVIDIA,GPU,2008,20000.00,274877907,6400000000,540.0,400.0,64.0
GeForce 9300M GS,NVIDIA,GPU,2008,35000.00,274877907,11200000000,550.0,700.0,64.0
GeForce 9300M G,NVIDIA,GPU,2008,4999.00,274877907,9600000000,400.0,600.0,64.0
GeForce 930A,NVIDIA,GPU,2015,2499.00,2147483648,16016000000,928.0,1001.0,64.0
GeForce 930MX,NVIDIA,GPU,2016,40000.00,2147483648,14400000000,952.0,900.0,64.0
GeForce 930M,NVIDIA,GPU,2015,12000.00,2147483648,14400000000,928.0,900.0,64.0
GeForce 9400 GT PCI,NVIDIA,GPU,2008,1499.00,274877907,12800000000,550.0,400.0,128.0
GeForce 9400 GT Rev. 2,NVIDIA,GPU,2008,499.00,549755814,12800000000,550.0,400.0,128.0
GeForce 9400 GT Rev. 3,NVIDIA,GPU,2012,499.00,137438953,9600000000,589.0,600.0,64.0
GeForce 9400 GT,NVIDIA,GPU,2008,3499.00,549755814,12800000000,550.0,400.0,128.0
GeForce 9400M G,NVIDIA,GPU,2008,40000.00,2147483648,40096000000,144.0,144.0,128.0
GeForce 9400M,NVIDIA,GPU,2008,299.00,2147483648,40096000000,144.0,144.0,128.0
GeForce 9400,NVIDIA,GPU,2007,899.00,2147483648,40096000000,80.0,120.0,128.0
GeForce 940A,NVIDIA,GPU,2015,12000.00,2147483648,16016000000,1072.0,1001.0,64.0
GeForce 940MX,NVIDIA,GPU,2016,35000.00,2147483648,16016000000,1004.0,1001.0,64.0
GeForce 940M,NVIDIA,GPU,2015,1199.00,2147483648,14400000000,1020.0,900.0,64.0
GeForce 945A,NVIDIA,GPU,2015,1999.00,1099511628,20048000000,1006.0,1253.0,64.0
GeForce 945M,NVIDIA,GPU,2015,4999.00,2147483648,28800000000,928.0,900.0,128.0
GeForce 945M,NVIDIA,GPU,2016,40000.00,1099511628,16016000000,1006.0,1001.0,64.0
GeForce 9500 GS Rev. 2,NVIDIA,GPU,2008,2499.00,549755814,16000000000,500.0,500.0,128.0
GeForce 9500 GS,NVIDIA,GPU,2008,2499.00,549755814,16128000000,550.0,504.0,128.0
GeForce 9500 GT Mac Edition,NVIDIA,GPU,2010,899.00,549755814,25600000000,550.0,800.0,128.0
GeForce 9500 GT Rev. 2,NVIDIA,GPU,2008,30000.00,549755814,28800000000,600.0,900.0,128.0
GeForce 9500 GT Rev. 3,NVIDIA,GPU,2008,899.00,549755814,25600000000,550.0,800.0,128.0
GeForce 9500 GT,NVIDIA,GPU,2008,699.00,549755814,32000000000,600.0,1000.0,128.0
Radeon 9500 PRO,Ati,GPU,2002,699.00,137438953,8640000000,275.0,270.0,128.0
GeForce 9500M GS,NVIDIA,GPU,2008,399.00,549755814,22400000000,475.0,700.0,128.0
GeForce 9500M G,NVIDIA,GPU,2008,6999.00,549755814,25600000000,500.0,800.0,128.0
Radeon 9500,Ati,GPU,2003,1999.00,68719477,17280000000,275.0,270.0,256.0
Radeon 9550 SE,Ati,GPU,2003,4999.00,68719477,3200000000,250.0,200.0,64.0
Radeon 9550 XT,Ati,GPU,2005,15000.00,137438953,10400000000,425.0,325.0,128.0
Radeon 9550,Ati,GPU,2003,499.00,68719477,6400000000,250.0,200.0,128.0
GeForce 9600 GS OEM,NVIDIA,GPU,2008,15000.00,824633721,48000000000,500.0,1000.0,192.0
GeForce 9600 GSO 512,NVIDIA,GPU,2008,15000.00,549755814,57600000000,650.0,900.0,256.0
GeForce 9600 GSO,NVIDIA,GPU,2008,499.00,412316860,38400000000,550.0,800.0,192.0
GeForce 9600 GT Green Edition,NVIDIA,GPU,2008,4999.00,549755814,44800000000,600.0,700.0,256.0
GeForce 9600 GT Mac Edition,NVIDIA,GPU,2008,299.00,1099511628,17024000000,600.0,266.0,256.0
GeForce 9600 GTX,NVIDIA,GPU,2009,25000.00,549755814,44800000000,580.0,700.0,256.0
GeForce 9600 GT,NVIDIA,GPU,2008,4999.00,549755814,57600000000,650.0,900.0,256.0
Radeon 9600 PRO,Ati,GPU,2003,399.00,137438953,9600000000,400.0,300.0,128.0
Radeon 9600 SE,Ati,GPU,2003,899.00,68719477,3200000000,325.0,200.0,64.0
Radeon 9600 TX,Ati,GPU,2003,399.00,137438953,8640000000,297.0,270.0,128.0
Radeon 9600 XT,Ati,GPU,2003,899.00,137438953,9600000000,500.0,300.0,128.0
GeForce 9600M GS,NVIDIA,GPU,2008,40000.00,1099511628,25600000000,430.0,800.0,128.0
GeForce 9600M GT Mac Edition,NVIDIA,GPU,2008,12000.00,549755814,25344000000,500.0,792.0,128.0
GeForce 9600M GT,NVIDIA,GPU,2008,35000.00,549755814,25600000000,500.0,800.0,128.0
Radeon 9600,Ati,GPU,2003,35000.00,68719477,6048000000,324.0,189.0,128.0
GeForce 9650M GS,NVIDIA,GPU,2008,20000.00,549755814,25600000000,625.0,800.0,128.0
GeForce 9650M GT,NVIDIA,GPU,2008,35000.00,1099511628,25600000000,550.0,800.0,128.0
Radeon 9700 PRO X4,Ati,GPU,2002,9999.00,137438953,19840000000,325.0,310.0,256.0
Radeon 9700 PRO,Ati,GPU,2002,399.00,137438953,19840000000,325.0,310.0,256.0
GeForce 9700M GTS,NVIDIA,GPU,2008,399.00,549755814,51200000000,530.0,800.0,256.0
GeForce 9700M GT,NVIDIA,GPU,2008,3499.00,549755814,25600000000,625.0,800.0,128.0
Radeon 9700,Ati,GPU,2002,3499.00,137438953,17280000000,275.0,270.0,256.0
GeForce 9800 GT Rebrand,NVIDIA,GPU,2008,20000.00,549755814,64000000000,725.0,1000.0,256.0
GeForce 9800 GTX,NVIDIA,GPU,2008,15000.00,549755814,70400000000,675.0,1100.0,256.0
GeForce 9800 GTX+,NVIDIA,GPU,2009,4999.00,549755814,70400000000,738.0,1100.0,256.0
GeForce 9800 GT,NVIDIA,GPU,2008,25000.00,549755814,57600000000,600.0,900.0,256.0
GeForce 9800 GX2,NVIDIA,GPU,2008,15000.00,549755814,64000000000,600.0,1000.0,256.0
Radeon 9800 PRO Mac Edition,Ati,GPU,2004,3499.00,137438953,21632000000,378.0,338.0,256.0
Radeon 9800 PRO MAXX,Ati,GPU,2003,35000.00,137438953,21760000000,380.0,340.0,256.0
Radeon 9800 PRO,Ati,GPU,2003,9999.00,274877907,21760000000,380.0,340.0,256.0
Radeon 9800 SE,Ati,GPU,2003,699.00,137438953,9280000000,331.0,290.0,128.0
Radeon 9800 XT Mac Edition,Ati,GPU,2004,35000.00,274877907,23360000000,412.0,365.0,256.0
Radeon 9800 XT,Ati,GPU,2003,20000.00,274877907,23360000000,412.0,365.0,256.0
Radeon 9800 XXL,Ati,GPU,2003,9999.00,137438953,21632000000,390.0,338.0,256.0
GeForce 9800M GS,NVIDIA,GPU,2008,25000.00,549755814,51200000000,530.0,800.0,256.0
GeForce 9800M GTS,NVIDIA,GPU,2008,1999.00,1099511628,51200000000,600.0,800.0,256.0
GeForce 9800M GTX,NVIDIA,GPU,2008,899.00,1099511628,51200000000,500.0,800.0,256.0
GeForce 9800M GT,NVIDIA,GPU,2008,2499.00,549755814,51200000000,500.0,800.0,256.0
GeForce 9800S,NVIDIA,GPU,2008,6999.00,549755814,51136000000,600.0,799.0,256.0
Radeon 9800,Ati,GPU,2003,6999.00,137438953,18560000000,325.0,290.0,256.0
A100 PCIe 80 GB,NVIDIA,GPU,2021,15000.00,85899345920,2039040000000,1065.0,1593.0,5120.0
A100 SXM4 40 GB,NVIDIA,GPU,2020,35000.00,42949672960,1555200000000,1095.0,1215.0,5120.0
A100 SXM4 80 GB,NVIDIA,GPU,2020,699.00,85899345920,2039040000000,1275.0,1593.0,5120.0
A100 PCIe,NVIDIA,GPU,2020,899.00,42949672960,1555200000000,765.0,1215.0,5120.0
A10G,NVIDIA,GPU,2021,35000.00,12884901888,150048000000,1320.0,1563.0,384.0
A10M,NVIDIA,GPU,2022,4999.00,25769803776,152928000000,1155.0,1593.0,384.0
A10 PCIe,NVIDIA,GPU,2021,1999.00,25769803776,150048000000,885.0,1563.0,384.0
A16 PCIe,NVIDIA,GPU,2021,40000.00,17179869184,57984000000,885.0,1812.0,128.0
A2,NVIDIA,GPU,2021,40000.00,17179869184,50016000000,1440.0,1563.0,128.0
A30 PCIe,NVIDIA,GPU,2021,1999.00,25769803776,933120000000,930.0,1215.0,3072.0
A40 PCIe,NVIDIA,GPU,2020,399.00,51539607552,173952000000,1305.0,1812.0,384.0
A800 PCIe 40 GB,NVIDIA,GPU,2022,40000.00,42949672960,2560000000000,1170.0,2000.0,5120.0
A800 PCIe 80 GB,NVIDIA,GPU,2022,30000.00,85899345920,1680640000000,2340.0,1313.0,5120.0
A800 SXM4 80 GB,NVIDIA,GPU,2022,15000.00,85899345920,1680640000000,2340.0,1313.0,5120.0
AeroBox GPU,AMD,GPU,2020,399.00,8589934592,68224000000,935.0,1066.0,256.0
All-In-Wonder 128 PCI,Ati,GPU,1999,3499.00,17179869,2880000000,90.0,90.0,128.0
All-In-Wonder 128 PRO Ultra,Ati,GPU,1999,899.00,34359738,4288000000,134.0,134.0,128.0
All-In-Wonder 128 PRO,Ati,GPU,1999,499.00,34359738,3840000000,120.0,120.0,128.0
All-In-Wonder 128,Ati,GPU,1999,299.00,34359738,2880000000,90.0,90.0,128.0
All-In-Wonder 2006 AGP Edition,Ati,GPU,2005,1199.00,274877907,6272000000,324.0,196.0,128.0
All-In-Wonder 2006 PCIe Edition,Ati,GPU,2005,6999.00,274877907,12800000000,450.0,400.0,128.0
All-In-Wonder Radeon 7200,Ati,GPU,2000,30000.00,34359738,5312000000,166.0,166.0,128.0
All-In-Wonder Radeon 7500 VE,Ati,GPU,2002,499.00,68719477,8000000000,260.0,250.0,128.0
All-In-Wonder Radeon 7500,Ati,GPU,2002,12000.00,68719477,5760000000,260.0,180.0,128.0
All-In-Wonder Radeon 8500DV,Ati,GPU,2001,399.00,68719477,6080000000,230.0,190.0,128.0
All-In-Wonder Radeon 8500,Ati,GPU,2001,40000.00,137438953,8800000000,275.0,275.0,128.0
All-In-Wonder 9000 PRO,Ati,GPU,2003,899.00,68719477,8640000000,275.0,270.0,128.0
All-In-Wonder 9200 SE,Ati,GPU,2004,20000.00,137438953,2624000000,250.0,164.0,64.0
All-In-Wonder 9200,Ati,GPU,2004,1999.00,137438953,6400000000,250.0,200.0,128.0
All-In-Wonder 9500,Ati,GPU,2002,15000.00,137438953,8640000000,277.0,270.0,128.0
All-In-Wonder 9600 PRO,Ati,GPU,2003,899.00,137438953,10368000000,398.0,324.0,128.0
All-In-Wonder 9600 XT,Ati,GPU,2004,1499.00,137438953,10368000000,527.0,324.0,128.0
All-In-Wonder 9600,Ati,GPU,2003,15000.00,137438953,6272000000,324.0,196.0,128.0
All-In-Wonder 9700 PRO,Ati,GPU,2003,1199.00,137438953,19840000000,325.0,310.0,256.0
All-In-Wonder 9800 PRO,Ati,GPU,2003,4999.00,137438953,21632000000,378.0,338.0,256.0
All-In-Wonder 9800 SE,Ati,GPU,2003,1199.00,137438953,9504000000,378.0,297.0,128.0
All-In-Wonder HD 3650,Ati,GPU,2008,4999.00,549755814,19008000000,722.0,594.0,128.0
All-In-Wonder X1800 XL,Ati,GPU,2005,2499.00,274877907,32000000000,500.0,500.0,256.0
All-In-Wonder X1900,Ati,GPU,2006,699.00,274877907,30528000000,500.0,477.0,256.0
All-In-Wonder X600 PRO,Ati,GPU,2005,899.00,274877907,9600000000,400.0,300.0,128.0
All-In-Wonder X800 GT,Ati,GPU,2004,25000.00,137438953,15744000000,398.0,492.0,128.0
All-In-Wonder X800 SE,Ati,GPU,2005,3499.00,274877907,25600000000,425.0,400.0,256.0
All-In-Wonder X800 VE,Ati,GPU,2005,399.00,274877907,25600000000,425.0,400.0,256.0
All-In-Wonder X800 XL,Ati,GPU,2005,499.00,274877907,31360000000,400.0,490.0,256.0
All-In-Wonder X800 XT,Ati,GPU,2004,15000.00,274877907,32000000000,500.0,500.0,256.0
Amazon Trainium1,Amazon AWS,GPU,2022,40000.00,32000000000,820000000000,,,
Amazon Trainium2,Amazon AWS,GPU,2024,35000.00,96000000000,2900000000000,,,
Amazon Trainium3,Amazon AWS,GPU,2025,35000.00,64000000000,1860000000000,,,
AMD Radeon Instinct MI250X,AMD,GPU,2021,35000.00,128000000000,3280000000000,1000.0,1600.0,8192.0
AMD Instinct MI300A,AMD,GPU,2023,2499.00,128000000000,5300000000000,830.0,1000.0,128.0
AMD Instinct MI300X,AMD,GPU,2023,20000.00,192000000000,5300000000000,830.0,1000.0,128.0
AMD Radeon Instinct MI300,AMD,GPU,2023,1999.00,128000000000,6550000000000,1000.0,1600.0,8192.0
AMD Radeon Instinct MI308X,AMD,GPU,2023,499.00,192000000000,10300000000000,1000.0,2525.0,8192.0
AMD Instinct MI325X,AMD,GPU,2024,1999.00,256000000000,6000000000000,2100.0,1000.0,128.0
AMD Instinct MI350X,AMD,GPU,2025,3499.00,288000000000,8000000000000,830.0,1000.0,128.0
AMD Instinct MI355X,AMD,GPU,2025,40000.00,288000000000,8000000000000,830.0,1000.0,128.0
AMD Radeon RX 7900 XTX,AMD,GPU,2022,30000.00,24000000000,960000000000,1860.0,2500.0,384.0
Arc A310,Intel,GPU,2022,1499.00,4294967296,36000000000,1425.0,2250.0,64.0
Arc A350M,Intel,GPU,2022,6999.00,4294967296,24000000000,300.0,1500.0,64.0
Arc A350,Intel,GPU,2022,30000.00,4294967296,36000000000,930.0,2250.0,64.0
Arc A370M,Intel,GPU,2022,899.00,4294967296,24000000000,300.0,1500.0,64.0
Arc A380M,Intel,GPU,2023,399.00,6442450944,54000000000,1110.0,2250.0,96.0
Arc A380,Intel,GPU,2022,1199.00,4294967296,24000000000,300.0,1500.0,64.0
Arc A530M,Intel,GPU,2023,20000.00,8589934592,30240000000,1382.0,945.0,128.0
Arc A550M,Intel,GPU,2022,30000.00,8589934592,48000000000,300.0,1500.0,128.0
Arc A570M,Intel,GPU,2023,1199.00,8589934592,30240000000,1382.0,945.0,128.0
Arc A580,Intel,GPU,2023,1999.00,8589934592,76032000000,1365.0,1188.0,256.0
Arc A730M,Intel,GPU,2022,2499.00,12884901888,72000000000,300.0,1500.0,192.0
Arc A750,Intel,GPU,2022,6999.00,8589934592,128000000000,1825.0,2000.0,256.0
Arc A770M,Intel,GPU,2022,25000.00,17179869184,96000000000,300.0,1500.0,256.0
Arc A770,Intel,GPU,2022,4999.00,17179869184,96000000000,300.0,1500.0,256.0
Arc A780,Intel,GPU,2022,40000.00,17179869184,69952000000,300.0,1093.0,256.0
Arc Graphics 112EU Mobile,Intel,GPU,2023,1199.00,8589934592,70976000000,300.0,300.0,224.0
Arc Graphics 128EU Mobile,Intel,GPU,2023,20000.00,8589934592,70976000000,300.0,300.0,224.0
Arc Graphics 48EU Mobile,Intel,GPU,2023,1499.00,8589934592,70976000000,300.0,300.0,224.0
Arc Graphics 64EU Mobile,Intel,GPU,2023,6999.00,8589934592,70976000000,275.0,300.0,224.0
Arc Pro A30M,Intel,GPU,2022,1499.00,4294967296,19008000000,1335.0,1188.0,64.0
Arc Pro A40,Intel,GPU,2022,20000.00,6442450944,31512000000,1665.0,1313.0,96.0
Arc Pro A50,Intel,GPU,2022,299.00,6442450944,31512000000,1095.0,1313.0,96.0
Arc Pro A60M,Intel,GPU,2023,12000.00,8589934592,32000000000,1250.0,1000.0,128.0
Arc Pro A60,Intel,GPU,2023,9999.00,12884901888,40704000000,1200.0,848.0,192.0
Arctic Sound 1T,Intel,GPU,2021,899.00,17179869184,1228800000000,900.0,1200.0,4096.0
Arctic Sound 2T,Intel,GPU,2021,30000.00,17179869184,1228800000000,900.0,1200.0,4096.0
Arctic Sound-M,Intel,GPU,2022,1999.00,17179869184,1228800000000,900.0,1200.0,4096.0
Atari VCS 400 GPU,AMD,GPU,2020,1999.00,4294967296,38400000000,300.0,1200.0,128.0
Atari VCS 800 GPU,AMD,GPU,2020,25000.00,8589934592,38400000000,300.0,1200.0,128.0
Aubrey Isle,Intel,GPU,2010,399.00,2147483648,76800000000,1200.0,1200.0,256.0
B200 SXM 192 GB,NVIDIA,GPU,2024,1199.00,103079215104,2304000000000,2070.0,2250.0,4096.0
CMP 170HX,NVIDIA,GPU,2021,399.00,17179869184,1492992000000,1140.0,1458.0,4096.0
CMP 30HX,NVIDIA,GPU,2021,4999.00,6442450944,84000000000,1530.0,1750.0,192.0
CMP 40HX,NVIDIA,GPU,2021,1999.00,8589934592,112000000000,1470.0,1750.0,256.0
CMP 50HX,NVIDIA,GPU,2021,299.00,10737418240,140000000000,1350.0,1750.0,320.0
CMP 70HX,NVIDIA,GPU,2021,20000.00,8589934592,76032000000,1365.0,1188.0,256.0
CMP 90HX,NVIDIA,GPU,2021,20000.00,10737418240,95040000000,1500.0,1188.0,320.0
Color Emulation Card,Ati,GPU,1986,499.00,274877907,40000000,10.0,5.0,32.0
Data Center GPU Flex 140,Intel,GPU,2022,9999.00,6442450944,48000000000,1665.0,2000.0,96.0
Data Center GPU Flex 170,Intel,GPU,2022,30000.00,17179869184,144000000000,1110.0,2250.0,256.0
Data Center GPU Max 1100,Intel,GPU,2023,1199.00,51539607552,3262464000000,1095.0,1593.0,8192.0
Data Center GPU Max 1350,Intel,GPU,2023,20000.00,103079215104,3262464000000,1095.0,1593.0,8192.0
Data Center GPU Max 1550,Intel,GPU,2023,499.00,137438953472,2689024000000,2235.0,1313.0,8192.0
Data Center GPU Max Subsystem,Intel,GPU,2023,30000.00,137438953472,3205120000000,900.0,1565.0,8192.0
Radeon DDR MAXX,Ati,GPU,2000,299.00,34359738,4736000000,148.0,148.0,128.0
Radeon DDR VIVO OEM,Ati,GPU,2001,6999.00,68719477,5312000000,166.0,166.0,128.0
Radeon DDR VIVO SE,Ati,GPU,2001,699.00,68719477,5760000000,187.0,180.0,128.0
Radeon DDR VIVO,Ati,GPU,2001,9999.00,68719477,5856000000,183.0,183.0,128.0
Radeon DDR,Ati,GPU,2000,1499.00,34359738,5312000000,166.0,166.0,128.0
Radeon E2400,Ati,GPU,2007,899.00,137438953,11200000000,600.0,700.0,64.0
Radeon E4690 MXM,Ati,GPU,2009,1999.00,549755814,22400000000,600.0,700.0,128.0
Radeon E4690 PCIe,Ati,GPU,2009,499.00,549755814,22400000000,600.0,700.0,128.0
Radeon E6460,AMD,GPU,2011,699.00,549755814,12800000000,600.0,800.0,64.0
Radeon E6465,AMD,GPU,2015,40000.00,2147483648,12800000000,600.0,800.0,64.0
Radeon E6760 MXM,AMD,GPU,2011,699.00,1099511628,25600000000,600.0,800.0,128.0
Radeon E6760 PCIe,AMD,GPU,2011,1499.00,1099511628,25600000000,600.0,800.0,128.0
Radeon E8860,AMD,GPU,2014,20000.00,2147483648,36000000000,575.0,1125.0,128.0
Radeon E8870,AMD,GPU,2015,399.00,4294967296,48000000000,1000.0,1500.0,128.0
Radeon E8950,AMD,GPU,2015,25000.00,8589934592,96000000000,735.0,1500.0,256.0
Radeon E9171 MCM,AMD,GPU,2017,1499.00,4294967296,48000000000,1124.0,1500.0,128.0
Radeon E9172 MXM,AMD,GPU,2017,30000.00,2147483648,24000000000,1124.0,1500.0,64.0
Radeon E9173 PCIe,AMD,GPU,2017,30000.00,2147483648,24000000000,1124.0,1500.0,64.0
Radeon E9174 MXM,AMD,GPU,2017,15000.00,4294967296,48000000000,1124.0,1500.0,128.0
Radeon E9175 PCIe,AMD,GPU,2017,15000.00,4294967296,48000000000,1124.0,1500.0,128.0
Radeon E9260 MXM,AMD,GPU,2016,1499.00,4294967296,56000000000,1090.0,1750.0,128.0
Radeon E9260 PCIe,AMD,GPU,2016,899.00,4294967296,56000000000,1090.0,1750.0,128.0
Radeon E9390 PCIe,AMD,GPU,2019,899.00,8589934592,80000000000,713.0,1250.0,256.0
Radeon E9550 MXM,AMD,GPU,2016,499.00,8589934592,80000000000,1120.0,1250.0,256.0
Radeon E9560 PCIe,AMD,GPU,2019,399.00,8589934592,112000000000,1120.0,1750.0,256.0
EGA Wonder 480,Ati,GPU,1988,25000.00,274878,64000000,10.0,8.0,32.0
EGA Wonder 800,Ati,GPU,1987,15000.00,274878,64000000,10.0,8.0,32.0
EGA Wonder 800+,Ati,GPU,1988,3499.00,274878,64000000,25.0,8.0,32.0
ES1000,Ati,GPU,2007,25000.00,274877907,12800000000,100.0,100.0,128.0
Extreme Graphics 2,Intel,GPU,2003,9999.00,8589934592,70976000000,10.0,10.0,224.0
Extreme Graphics,Intel,GPU,2002,25000.00,8589934592,70976000000,10.0,10.0,224.0
Fire GL1,Ati,GPU,1999,9999.00,34359738,6400000000,45.0,100.0,256.0
Fire GL2,Ati,GPU,2000,15000.00,68719477,7680000000,120.0,120.0,256.0
Fire GL3,Ati,GPU,2000,30000.00,137438953,8000000000,120.0,125.0,256.0
Fire GL4,Ati,GPU,2001,499.00,137438953,9600000000,150.0,150.0,256.0
FireGL 8700,Ati,GPU,2001,4999.00,68719477,8640000000,250.0,270.0,128.0
FireGL 8800,Ati,GPU,2001,299.00,137438953,9280000000,300.0,290.0,128.0
FireGL 9500 Z1-128,Ati,GPU,2002,40000.00,137438953,19840000000,325.0,310.0,256.0
FireGL 9600 T2-128,Ati,GPU,2003,30000.00,137438953,9504000000,398.0,297.0,128.0
FireGL 9600 T2-64S,Ati,GPU,2003,9999.00,68719477,6496000000,324.0,203.0,128.0
FireGL 9700 X1-128,Ati,GPU,2002,20000.00,137438953,19840000000,325.0,310.0,256.0
FireGL 9700 X1-256p,Ati,GPU,2002,12000.00,274877907,17664000000,324.0,276.0,256.0
FireGL 9700 X1-256,Ati,GPU,2002,30000.00,274877907,19840000000,325.0,310.0,256.0
FireGL 9800 X2-256T,Ati,GPU,2003,6999.00,274877907,22016000000,412.0,344.0,256.0
FireGL 9800 X2-256,Ati,GPU,2003,35000.00,274877907,22400000000,380.0,350.0,256.0
FireGL V3100,Ati,GPU,2004,6999.00,137438953,3136000000,391.0,196.0,64.0
FireGL V3200,Ati,GPU,2004,399.00,137438953,11200000000,500.0,350.0,128.0
FireGL V3300,Ati,GPU,2005,40000.00,137438953,6400000000,600.0,400.0,64.0
FireGL V3350,Ati,GPU,2005,6999.00,274877907,6400000000,600.0,400.0,64.0
FireGL V3400,Ati,GPU,2005,9999.00,137438953,16000000000,500.0,500.0,128.0
FireGL V3600,Ati,GPU,2007,399.00,274877907,16000000000,600.0,500.0,128.0
FireGL V5000,Ati,GPU,2004,30000.00,137438953,13760000000,425.0,430.0,128.0
FireGL V5100,Ati,GPU,2004,35000.00,137438953,22400000000,450.0,350.0,256.0
FireGL V5200,Ati,GPU,2005,499.00,137438953,22400000000,600.0,700.0,128.0
FireGL V5600,Ati,GPU,2007,1499.00,549755814,35200000000,800.0,1100.0,128.0
FireGL V7100,Ati,GPU,2004,25000.00,274877907,30400000000,493.0,475.0,256.0
FireGL V7200,Ati,GPU,2005,899.00,274877907,41600000000,600.0,650.0,256.0
FireGL V7300,Ati,GPU,2005,699.00,549755814,41472000000,594.0,648.0,256.0
FireGL V7350,Ati,GPU,2005,25000.00,1099511628,41600000000,600.0,650.0,256.0
FireGL V7600,Ati,GPU,2007,1999.00,549755814,51200000000,600.0,800.0,256.0
FireGL V7700,Ati,GPU,2007,20000.00,549755814,72064000000,777.0,1126.0,256.0
FireGL V8600,Ati,GPU,2007,25000.00,1099511628,111104000000,688.0,868.0,512.0
FireGL V8650,Ati,GPU,2007,3499.00,2147483648,111104000000,688.0,868.0,512.0
FireGL X3-256,Ati,GPU,2004,1199.00,274877907,29056000000,491.0,454.0,256.0
FireMV 2200 PCI,Ati,GPU,2006,12000.00,68719477,3200000000,240.0,200.0,64.0
FireMV 2200,Ati,GPU,2006,25000.00,137438953,3136000000,324.0,196.0,64.0
FireMV 2250 PCIe x1,Ati,GPU,2007,1199.00,274877907,12800000000,600.0,400.0,128.0
FireMV 2250,Ati,GPU,2007,6999.00,274877907,12800000000,600.0,400.0,128.0
FireMV 2260 PCIe x1,Ati,GPU,2008,30000.00,274877907,8000000000,500.0,500.0,64.0
FireMV 2260,Ati,GPU,2008,1499.00,274877907,8000000000,500.0,500.0,64.0
FireMV 2400 PCI,Ati,GPU,2008,25000.00,137438953,16000000000,500.0,500.0,128.0
FireMV 2400 PCIe x1,Ati,GPU,2008,899.00,68719477,6496000000,250.0,203.0,128.0
FirePro 2260 PCI,Ati,GPU,2008,1499.00,274877907,8000000000,500.0,500.0,64.0
FirePro 2270 PCIe x1,AMD,GPU,2011,30000.00,549755814,9600000000,600.0,600.0,64.0
FirePro 2270,AMD,GPU,2011,6999.00,549755814,9600000000,600.0,600.0,64.0
FirePro 2450 Multi-View PCIe x1,Ati,GPU,2009,20000.00,274877907,6400000000,400.0,400.0,64.0
FirePro 2450 Multi-View,Ati,GPU,2009,299.00,274877907,6400000000,400.0,400.0,64.0
FirePro 2460 Multi-View,Ati,GPU,2010,4999.00,549755814,32000000000,500.0,500.0,256.0
FirePro A300,AMD,GPU,2012,25000.00,2147483648,48000000000,166.0,166.0,128.0
FirePro A320,AMD,GPU,2012,699.00,2147483648,48000000000,200.0,166.0,128.0
FirePro D300,AMD,GPU,2014,1199.00,2147483648,81280000000,850.0,1270.0,256.0
FirePro D500,AMD,GPU,2014,1199.00,3221225472,121920000000,725.0,1270.0,384.0
FirePro D700,AMD,GPU,2014,6999.00,6442450944,131520000000,850.0,1370.0,384.0
FirePro M2000,AMD,GPU,2012,35000.00,1099511628,12800000000,500.0,800.0,64.0
FirePro M3100,AMD,GPU,2013,1499.00,1099511628,32000000000,650.0,1000.0,128.0
FirePro M3900,AMD,GPU,2010,1999.00,1099511628,14400000000,750.0,900.0,64.0
FirePro M4000,AMD,GPU,2012,40000.00,1099511628,32000000000,675.0,1000.0,128.0
FirePro M4100,AMD,GPU,2013,12000.00,2147483648,32000000000,670.0,1000.0,128.0
FirePro M4150,AMD,GPU,2013,499.00,1099511628,32000000000,715.0,1000.0,128.0
FirePro M5100,AMD,GPU,2013,699.00,2147483648,36000000000,725.0,1125.0,128.0
FirePro M5725,Ati,GPU,2009,499.00,549755814,25600000000,675.0,800.0,128.0
FirePro M5800,Ati,GPU,2010,12000.00,1099511628,25600000000,650.0,800.0,128.0
FirePro M5950,AMD,GPU,2011,3499.00,1099511628,28800000000,725.0,900.0,128.0
FirePro M6000,AMD,GPU,2012,6999.00,2147483648,32000000000,800.0,1000.0,128.0
FirePro M6100,AMD,GPU,2013,3499.00,2147483648,44000000000,1075.0,1375.0,128.0
FirePro M7740,Ati,GPU,2009,35000.00,1099511628,27072000000,650.0,846.0,128.0
FirePro M7820,Ati,GPU,2010,299.00,1099511628,32000000000,700.0,1000.0,128.0
FirePro M8900,AMD,GPU,2011,4999.00,2147483648,57600000000,680.0,900.0,256.0
FirePro R5000,AMD,GPU,2013,299.00,2147483648,51200000000,825.0,800.0,256.0
FirePro RG220A,AMD,GPU,2010,399.00,549755814,51200000000,500.0,800.0,256.0
FirePro RG220,Ati,GPU,2010,12000.00,549755814,51200000000,500.0,800.0,256.0
FirePro S10000 Passive 12GB,AMD,GPU,2014,25000.00,6442450944,120000000000,825.0,1250.0,384.0
FirePro S10000 Passive,AMD,GPU,2012,4999.00,3221225472,120000000000,825.0,1250.0,384.0
FirePro S10000,AMD,GPU,2012,499.00,3221225472,120000000000,825.0,1250.0,384.0
FirePro S4000X,AMD,GPU,2014,3499.00,2147483648,36000000000,725.0,1125.0,128.0
FirePro S7000,AMD,GPU,2012,3499.00,4294967296,76800000000,950.0,1200.0,256.0
FirePro S7100X,AMD,GPU,2016,20000.00,8589934592,80000000000,725.0,1250.0,256.0
FirePro S7150 x2,AMD,GPU,2016,399.00,8589934592,80000000000,1050.0,1250.0,256.0
FirePro S7150,AMD,GPU,2016,1199.00,8589934592,80000000000,920.0,1250.0,256.0
FirePro S9000,AMD,GPU,2012,2499.00,6442450944,132000000000,900.0,1375.0,384.0
FirePro S9010,AMD,GPU,2012,1499.00,3221225472,120000000000,800.0,1250.0,384.0
FirePro S9050,AMD,GPU,2014,899.00,12884901888,132000000000,900.0,1375.0,384.0
FirePro S9100,AMD,GPU,2014,12000.00,12884901888,160000000000,824.0,1250.0,512.0
FirePro S9150,AMD,GPU,2014,35000.00,17179869184,160000000000,900.0,1250.0,512.0
FirePro S9170,AMD,GPU,2015,2499.00,34359738368,160000000000,930.0,1250.0,512.0
FirePro S9300 X2,AMD,GPU,2016,20000.00,4294967296,512000000000,975.0,500.0,4096.0
FirePro V3700,Ati,GPU,2008,30000.00,274877907,15200000000,800.0,950.0,64.0
FirePro V3750,Ati,GPU,2008,25000.00,274877907,22400000000,550.0,700.0,128.0
FirePro V3800,Ati,GPU,2010,899.00,549755814,14400000000,650.0,900.0,64.0
FirePro V3900,AMD,GPU,2012,399.00,1099511628,28800000000,650.0,900.0,128.0
FirePro V4800,Ati,GPU,2010,20000.00,1099511628,28800000000,775.0,900.0,128.0
FirePro V4900,AMD,GPU,2011,6999.00,1099511628,32000000000,800.0,1000.0,128.0
FirePro V5700,Ati,GPU,2008,299.00,549755814,28800000000,700.0,900.0,128.0
FirePro V5800 DVI,Ati,GPU,2010,4999.00,1099511628,32000000000,690.0,1000.0,128.0
FirePro V5800,Ati,GPU,2010,35000.00,1099511628,32000000000,690.0,1000.0,128.0
FirePro V5900,AMD,GPU,2011,20000.00,2147483648,32000000000,600.0,500.0,256.0
FirePro V7750,Ati,GPU,2009,499.00,1099511628,28800000000,800.0,900.0,128.0
FirePro V7760,Ati,GPU,2012,2499.00,1099511628,27200000000,750.0,850.0,128.0
FirePro V7770,Ati,GPU,2012,1999.00,1099511628,33600000000,625.0,1050.0,128.0
FirePro V7800P,Ati,GPU,2011,1999.00,2147483648,64000000000,700.0,1000.0,256.0
FirePro V7800,Ati,GPU,2010,35000.00,2147483648,64000000000,700.0,1000.0,256.0
FirePro V7900 SDI,AMD,GPU,2011,12000.00,2147483648,80000000000,725.0,1250.0,256.0
FirePro V7900,AMD,GPU,2011,25000.00,2147483648,80000000000,725.0,1250.0,256.0
FirePro V8700 Duo,Ati,GPU,,1999.00,1099511628,54400000000,750.0,850.0,256.0
FirePro V8700,Ati,GPU,2008,40000.00,1099511628,54400000000,750.0,850.0,256.0
FirePro V8750,Ati,GPU,2008,15000.00,2147483648,57600000000,750.0,900.0,256.0
FirePro V8800,Ati,GPU,2010,4999.00,2147483648,73600000000,825.0,1150.0,256.0
FirePro V9800P,Ati,GPU,2010,6999.00,4294967296,73600000000,850.0,1150.0,256.0
FirePro V9800,Ati,GPU,2010,3499.00,4294967296,73600000000,850.0,1150.0,256.0
FirePro W2100,AMD,GPU,2014,4999.00,2147483648,28800000000,630.0,900.0,128.0
FirePro W4000,AMD,GPU,2012,1499.00,2147483648,51200000000,825.0,800.0,256.0
FirePro W4100,AMD,GPU,2014,699.00,2147483648,32000000000,630.0,1000.0,128.0
FirePro W4130M,AMD,GPU,2015,4999.00,1099511628,32000000000,775.0,1000.0,128.0
FirePro W4150M,AMD,GPU,2015,699.00,1099511628,32000000000,800.0,1000.0,128.0
FirePro W4170M,AMD,GPU,2014,299.00,2147483648,32000000000,825.0,1000.0,128.0
FirePro W4170M,AMD,GPU,2015,12000.00,2147483648,32000000000,825.0,1000.0,128.0
FirePro W4190M,AMD,GPU,2015,25000.00,2147483648,32000000000,825.0,1000.0,128.0
FirePro W4300,AMD,GPU,2015,1499.00,4294967296,48000000000,930.0,1500.0,128.0
FirePro W5000 DVI,AMD,GPU,2013,12000.00,2147483648,51200000000,825.0,800.0,256.0
FirePro W5000,AMD,GPU,2012,699.00,2147483648,51200000000,825.0,800.0,256.0
FirePro W5100,AMD,GPU,2014,40000.00,4294967296,48000000000,930.0,1500.0,128.0
FirePro W5130M,AMD,GPU,2015,399.00,2147483648,32000000000,900.0,1000.0,128.0
FirePro W5170M,AMD,GPU,2014,4999.00,2147483648,36000000000,900.0,1125.0,128.0
FirePro W600,AMD,GPU,2012,699.00,2147483648,32000000000,750.0,1000.0,128.0
FirePro W6150M,AMD,GPU,2015,399.00,4294967296,44000000000,1075.0,1375.0,128.0
FirePro W6170M,AMD,GPU,2014,1499.00,2147483648,44000000000,1075.0,1375.0,128.0
FirePro W7000,AMD,GPU,2012,4999.00,4294967296,76800000000,950.0,1200.0,256.0
FirePro W7100,AMD,GPU,2014,299.00,8589934592,80000000000,920.0,1250.0,256.0
FirePro W7170M,AMD,GPU,2015,1999.00,4294967296,80000000000,723.0,1250.0,256.0
FirePro W8000,AMD,GPU,2012,1499.00,4294967296,88000000000,900.0,1375.0,256.0
FirePro W8100,AMD,GPU,2014,499.00,8589934592,160000000000,824.0,1250.0,512.0
FirePro W9000,AMD,GPU,2012,40000.00,6442450944,132000000000,975.0,1375.0,384.0
FirePro W9100,AMD,GPU,2014,40000.00,17179869184,160000000000,930.0,1250.0,512.0
FireStream 9170,AMD,GPU,2007,15000.00,2147483648,51200000000,800.0,800.0,256.0
FireStream 9250,AMD,GPU,2008,15000.00,1099511628,63552000000,625.0,993.0,256.0
FireStream 9270,AMD,GPU,2008,3499.00,2147483648,57600000000,750.0,900.0,256.0
FireStream 9350,AMD,GPU,2010,1999.00,2147483648,64000000000,700.0,1000.0,256.0
FireStream 9370,AMD,GPU,2010,9999.00,4294967296,73600000000,825.0,1150.0,256.0
GeForce FX 5100,NVIDIA,GPU,2003,1499.00,68719477,2656000000,200.0,166.0,64.0
GeForce FX 5200 LE,NVIDIA,GPU,2003,9999.00,137438953,2656000000,250.0,166.0,64.0
GeForce FX 5200 PCI,NVIDIA,GPU,2003,25000.00,274877907,6400000000,250.0,200.0,128.0
GeForce FX 5200 Rev. 2,NVIDIA,GPU,2003,15000.00,137438953,3200000000,250.0,200.0,64.0
GeForce FX 5200 Ultra Mac Edition,NVIDIA,GPU,2003,30000.00,137438953,10400000000,325.0,325.0,128.0
GeForce FX 5200 Ultra,NVIDIA,GPU,2003,35000.00,137438953,10400000000,325.0,325.0,128.0
GeForce FX 5200,NVIDIA,GPU,2003,20000.00,137438953,6400000000,250.0,200.0,128.0
GeForce FX 5500 PCI,NVIDIA,GPU,2004,899.00,274877907,6400000000,270.0,200.0,128.0
GeForce FX 5500,NVIDIA,GPU,2004,20000.00,68719477,5312000000,270.0,166.0,128.0
GeForce FX 5600 Ultra,NVIDIA,GPU,2003,3499.00,137438953,12800000000,400.0,400.0,128.0
GeForce FX 5600 XT PCI,NVIDIA,GPU,2003,1999.00,68719477,6400000000,235.0,200.0,128.0
GeForce FX 5600 XT,NVIDIA,GPU,2003,30000.00,137438953,6400000000,235.0,200.0,128.0
GeForce FX 5600,NVIDIA,GPU,2003,20000.00,137438953,8000000000,325.0,250.0,128.0
GeForce FX 5700 EP,NVIDIA,GPU,2004,1999.00,137438953,3200000000,425.0,200.0,64.0
GeForce FX 5700 LE,NVIDIA,GPU,2004,9999.00,137438953,3200000000,250.0,200.0,64.0
GeForce FX 5700 Ultra,NVIDIA,GPU,2003,30000.00,137438953,14496000000,475.0,453.0,128.0
GeForce FX 5700 VE,NVIDIA,GPU,2004,6999.00,137438953,6400000000,250.0,200.0,128.0
GeForce FX 5700,NVIDIA,GPU,2003,25000.00,137438953,16000000000,425.0,250.0,256.0
GeForce FX 5800 Ultra,NVIDIA,GPU,2003,9999.00,137438953,16000000000,500.0,500.0,128.0
GeForce FX 5800,NVIDIA,GPU,2003,399.00,137438953,12800000000,400.0,400.0,128.0
GeForce FX 5900 Ultra,NVIDIA,GPU,2003,15000.00,274877907,27200000000,450.0,425.0,256.0
GeForce FX 5900 XT,NVIDIA,GPU,2003,699.00,137438953,22400000000,400.0,350.0,256.0
GeForce FX 5900 ZT,NVIDIA,GPU,2003,9999.00,137438953,22400000000,325.0,350.0,256.0
GeForce FX 5900,NVIDIA,GPU,2003,20000.00,137438953,27200000000,400.0,425.0,256.0
GeForce FX 5950 Ultra,NVIDIA,GPU,2003,1499.00,274877907,30400000000,475.0,475.0,256.0
GeForce FX Go5100,NVIDIA,GPU,2003,6999.00,34359738,3200000000,200.0,200.0,64.0
GeForce FX Go5200 32M,NVIDIA,GPU,2003,499.00,34359738,3200000000,200.0,200.0,64.0
GeForce FX Go5200 64M,NVIDIA,GPU,2003,1499.00,68719477,8000000000,250.0,250.0,128.0
GeForce FX Go5200 NPB 32M,NVIDIA,GPU,2003,899.00,34359738,3200000000,200.0,200.0,64.0
GeForce FX Go5200 NPB 64M,NVIDIA,GPU,2003,4999.00,68719477,8000000000,250.0,250.0,128.0
GeForce FX Go5200,NVIDIA,GPU,2003,35000.00,34359738,6400000000,200.0,200.0,128.0
GeForce FX Go5250,NVIDIA,GPU,2003,1499.00,68719477,8000000000,250.0,250.0,128.0
GeForce FX Go5300,NVIDIA,GPU,2003,25000.00,68719477,8000000000,275.0,250.0,128.0
GeForce FX Go5350,NVIDIA,GPU,2003,20000.00,68719477,8800000000,275.0,275.0,128.0
GeForce FX Go5600,NVIDIA,GPU,2003,399.00,137438953,8000000000,275.0,250.0,128.0
GeForce FX Go5650,NVIDIA,GPU,2003,35000.00,137438953,9440000000,325.0,295.0,128.0
GeForce FX Go5700,NVIDIA,GPU,2005,899.00,137438953,8800000000,450.0,275.0,128.0
GeForce G100 OEM,NVIDIA,GPU,2009,299.00,274877907,6400000000,540.0,400.0,64.0
GeForce G102M,NVIDIA,GPU,2009,299.00,2147483648,40096000000,125.0,166.0,128.0
GeForce G103M,NVIDIA,GPU,2009,15000.00,549755814,8000000000,640.0,500.0,64.0
GeForce G105M,NVIDIA,GPU,2009,30000.00,549755814,12640000000,535.0,790.0,64.0
GeForce G110M,NVIDIA,GPU,2009,30000.00,1099511628,11200000000,400.0,700.0,64.0
GeForce G205M,NVIDIA,GPU,2009,899.00,2147483648,40096000000,250.0,166.0,128.0
GeForce G210 OEM Rev. 2,NVIDIA,GPU,2009,25000.00,137438953,6400000000,589.0,400.0,64.0
GeForce G210 OEM,NVIDIA,GPU,2009,12000.00,549755814,8064000000,550.0,504.0,64.0
GeForce G210M,NVIDIA,GPU,2009,499.00,549755814,12800000000,625.0,800.0,64.0
GameCube GPU,Ati,GPU,2000,20000.00,17179869,2592000000,162.0,162.0,64.0
GMA 3000,Intel,GPU,2006,4999.00,8589934592,70976000000,66.0,100.0,224.0
GMA 3100,Intel,GPU,2007,15000.00,8589934592,70976000000,80.0,125.0,224.0
GMA 3150,Intel,GPU,2007,9999.00,8589934592,70976000000,120.0,125.0,224.0
GMA 3600,Intel,GPU,2008,30000.00,8589934592,70976000000,148.0,148.0,224.0
GMA 3650,Intel,GPU,2008,12000.00,8589934592,70976000000,148.0,148.0,224.0
GMA 500,Intel,GPU,2008,15000.00,8589934592,70976000000,120.0,150.0,224.0
GMA 600,Intel,GPU,2010,15000.00,8589934592,70976000000,200.0,166.0,224.0
GMA 900,Intel,GPU,2004,15000.00,8589934592,70976000000,44.0,66.0,224.0
GMA 900,Intel,GPU,2005,20000.00,8589934592,70976000000,75.0,70.0,224.0
GMA 950,Intel,GPU,2005,6999.00,8589934592,70976000000,75.0,75.0,224.0
GMA 950,Intel,GPU,2006,30000.00,8589934592,70976000000,66.0,100.0,224.0
GMA X3000,Intel,GPU,2006,399.00,8589934592,70976000000,100.0,100.0,224.0
GMA X3100,Intel,GPU,2007,1499.00,8589934592,70976000000,130.0,130.0,224.0
GMA X3500,Intel,GPU,2007,1499.00,8589934592,70976000000,130.0,130.0,224.0
GMA X4500MHD,Intel,GPU,2008,9999.00,8589934592,70976000000,147.0,150.0,224.0
GMA X4500M,Intel,GPU,2008,1999.00,8589934592,70976000000,147.0,150.0,224.0
GMA X4500,Intel,GPU,2008,399.00,8589934592,70976000000,150.0,150.0,224.0
GMA X4700MHD,Intel,GPU,2008,4999.00,8589934592,70976000000,147.0,150.0,224.0
GMA,Intel,GPU,2010,9999.00,8589934592,70976000000,250.0,166.0,224.0
GeForce Go 6100 + nForce Go 430,NVIDIA,GPU,2006,4999.00,2147483648,40096000000,90.0,90.0,128.0
GeForce Go 6150 + nForce Go 430,NVIDIA,GPU,2006,35000.00,2147483648,40096000000,90.0,90.0,128.0
GeForce Go 6200 TE,NVIDIA,GPU,2005,12000.00,68719477,4800000000,300.0,300.0,64.0
GeForce Go 6200,NVIDIA,GPU,2006,399.00,34359738,4800000000,300.0,300.0,64.0
GeForce Go 6250,NVIDIA,GPU,2006,30000.00,34359738,5600000000,400.0,350.0,64.0
GeForce Go 6400,NVIDIA,GPU,2006,9999.00,34359738,5600000000,400.0,350.0,64.0
GeForce Go 6600 NPB 128M,NVIDIA,GPU,2005,40000.00,137438953,9600000000,375.0,300.0,128.0
GeForce Go 6600 TE,NVIDIA,GPU,2005,15000.00,137438953,6400000000,225.0,200.0,128.0
GeForce Go 6600,NVIDIA,GPU,2005,35000.00,274877907,11200000000,300.0,350.0,128.0
GeForce Go 6800 Ultra,NVIDIA,GPU,2005,4999.00,274877907,38400000000,450.0,600.0,256.0
GeForce Go 6800,NVIDIA,GPU,2004,9999.00,274877907,35200000000,300.0,550.0,256.0
GeForce Go 7200,NVIDIA,GPU,2006,1499.00,68719477,2800000000,450.0,350.0,32.0
GeForce Go 7300T,NVIDIA,GPU,2006,25000.00,68719477,5600000000,350.0,350.0,64.0
GeForce Go 7300,NVIDIA,GPU,2006,899.00,68719477,5600000000,350.0,350.0,64.0
GeForce Go 7400T,NVIDIA,GPU,2006,3499.00,137438953,7200000000,450.0,450.0,64.0
GeForce Go 7400,NVIDIA,GPU,2006,9999.00,137438953,3600000000,450.0,450.0,32.0
GeForce Go 7450,NVIDIA,GPU,2006,40000.00,68719477,12800000000,300.0,200.0,256.0
GeForce Go 7600 GT,NVIDIA,GPU,2006,4999.00,274877907,19200000000,500.0,600.0,128.0
GeForce Go 7600,NVIDIA,GPU,2006,25000.00,274877907,11200000000,450.0,350.0,128.0
GeForce Go 7700,NVIDIA,GPU,2006,30000.00,549755814,16000000000,450.0,500.0,128.0
GeForce Go 7800 GTX,NVIDIA,GPU,2005,40000.00,549755814,35200000000,440.0,550.0,256.0
GeForce Go 7800,NVIDIA,GPU,2006,299.00,274877907,35200000000,400.0,550.0,256.0
GeForce Go 7900 GS,NVIDIA,GPU,2006,1999.00,549755814,32000000000,375.0,500.0,256.0
GeForce Go 7900 GTX,NVIDIA,GPU,2006,699.00,549755814,38400000000,500.0,600.0,256.0
GeForce Go 7900 SE,NVIDIA,GPU,2006,20000.00,274877907,21312000000,350.0,333.0,256.0
GeForce Go 7950 GTX,NVIDIA,GPU,2006,4999.00,549755814,44800000000,575.0,700.0,256.0
Radeon Graphics 128SP,AMD,GPU,2022,699.00,2147483648,48000000000,325.0,290.0,128.0
Radeon Graphics 320SP,AMD,GPU,2020,499.00,2147483648,48000000000,400.0,266.0,128.0
Radeon Graphics 384SP,AMD,GPU,2020,2499.00,2147483648,48000000000,275.0,266.0,128.0
Radeon Graphics 448SP Mobile,AMD,GPU,2022,1999.00,2147483648,48000000000,325.0,295.0,128.0
Radeon Graphics 448SP,AMD,GPU,2020,1199.00,2147483648,48000000000,300.0,266.0,128.0
Radeon Graphics 448SP,AMD,GPU,2021,12000.00,2147483648,48000000000,275.0,275.0,128.0
Radeon Graphics 512SP Mobile,AMD,GPU,2022,12000.00,2147483648,48000000000,295.0,295.0,128.0
Radeon Graphics 512SP,AMD,GPU,2020,499.00,2147483648,48000000000,277.0,270.0,128.0
Graphics Pro Turbo,Ati,GPU,1995,899.00,2147484,640000000,40.0,40.0,64.0
Graphics Solution Plus,Ati,GPU,1987,2499.00,274877907,40000000,10.0,5.0,32.0
Graphics Solution,Ati,GPU,1986,4999.00,274877907,40000000,10.0,5.0,32.0
Graphics Ultra Pro ISA,Ati,GPU,1992,3499.00,2147484,160000000,10.0,10.0,64.0
Graphics Ultra Pro PCI,Ati,GPU,1993,699.00,1073742,1328000000,66.0,83.0,64.0
Graphics Ultra Pro VLB,Ati,GPU,1993,2499.00,1073742,160000000,10.0,10.0,64.0
Graphics Ultra XLR VLB,Ati,GPU,1993,1999.00,1073742,160000000,10.0,10.0,64.0
Graphics Ultra,Ati,GPU,1992,899.00,1073742,80000000,10.0,10.0,32.0
Graphics Vantage,Ati,GPU,1992,25000.00,1073742,80000000,10.0,10.0,32.0
Graphics Wonder PCI,Ati,GPU,1992,20000.00,1073742,160000000,10.0,10.0,64.0
Graphics Wonder VLB,Ati,GPU,1992,499.00,1073742,160000000,10.0,10.0,64.0
Graphics Xpression ISA,Ati,GPU,1995,399.00,2147484,640000000,40.0,40.0,64.0
Graphics Xpression,Ati,GPU,1995,3499.00,2147484,640000000,40.0,40.0,64.0
GRID A100A,NVIDIA,GPU,2020,35000.00,51539607552,1866240000000,900.0,1215.0,6144.0
GRID A100B,NVIDIA,GPU,2020,30000.00,51539607552,1866240000000,900.0,1215.0,6144.0
GRID K100,NVIDIA,GPU,2013,30000.00,274877907,28512000000,850.0,891.0,128.0
GRID K120Q,NVIDIA,GPU,2014,35000.00,549755814,28512000000,850.0,891.0,128.0
GRID K140Q,NVIDIA,GPU,2013,399.00,1099511628,28512000000,850.0,891.0,128.0
GRID K160Q,NVIDIA,GPU,2013,35000.00,1099511628,28512000000,850.0,891.0,128.0
GRID K180Q,NVIDIA,GPU,2013,1199.00,1099511628,28512000000,850.0,891.0,128.0
GRID K1,NVIDIA,GPU,2013,20000.00,4294967296,28512000000,850.0,891.0,128.0
GRID K200,NVIDIA,GPU,2013,499.00,274877907,80000000000,745.0,1250.0,256.0
GRID K220Q,NVIDIA,GPU,2014,40000.00,549755814,80000000000,745.0,1250.0,256.0
GRID K240Q,NVIDIA,GPU,2013,35000.00,1099511628,80000000000,745.0,1250.0,256.0
GRID K260Q,NVIDIA,GPU,2013,3499.00,2147483648,80000000000,745.0,1250.0,256.0
GRID K280Q,NVIDIA,GPU,2013,1199.00,4294967296,80000000000,745.0,1250.0,256.0
GRID K2,NVIDIA,GPU,2013,20000.00,4294967296,80000000000,745.0,1250.0,256.0
GRID K340,NVIDIA,GPU,2013,3499.00,1099511628,40000000000,954.0,1250.0,128.0
GRID K500,NVIDIA,GPU,2014,899.00,4294967296,80000000000,745.0,1250.0,256.0
GRID K520Q,NVIDIA,GPU,2014,499.00,4294967296,80000000000,745.0,1250.0,256.0
GRID K520,NVIDIA,GPU,2013,1499.00,4294967296,80000000000,745.0,1250.0,256.0
GRID K540Q,NVIDIA,GPU,2014,6999.00,4294967296,80000000000,745.0,1250.0,256.0
GRID K560Q,NVIDIA,GPU,2014,4999.00,4294967296,80000000000,745.0,1250.0,256.0
GRID M10-8Q,NVIDIA,GPU,2016,899.00,8589934592,41600000000,1033.0,1300.0,128.0
GRID M3-3020,NVIDIA,GPU,2016,4999.00,4294967296,41600000000,1033.0,1300.0,128.0
GRID M40,NVIDIA,GPU,2016,25000.00,8589934592,41600000000,1033.0,1300.0,128.0
GRID M6-8Q,NVIDIA,GPU,2015,3499.00,8589934592,80192000000,722.0,1253.0,256.0
GRID M60-1Q,NVIDIA,GPU,2015,1199.00,1099511628,80192000000,557.0,1253.0,256.0
GRID M60-2Q,NVIDIA,GPU,2015,699.00,2147483648,80192000000,557.0,1253.0,256.0
GRID M60-4A,NVIDIA,GPU,2015,499.00,4294967296,80192000000,557.0,1253.0,256.0
GRID M60-8Q,NVIDIA,GPU,2015,12000.00,8589934592,80192000000,557.0,1253.0,256.0
GRID RTX T10-16,NVIDIA,GPU,2020,899.00,17179869184,151200000000,1065.0,1575.0,384.0
GRID RTX T10-2,NVIDIA,GPU,2020,12000.00,2147483648,168000000000,1065.0,1750.0,384.0
GRID RTX T10-4,NVIDIA,GPU,2020,699.00,4294967296,168000000000,1065.0,1750.0,384.0
GRID RTX T10-8,NVIDIA,GPU,2020,15000.00,8589934592,168000000000,1065.0,1750.0,384.0
GeForce GT 1010 DDR4,NVIDIA,GPU,2021,6999.00,2147483648,16800000000,1228.0,1050.0,64.0
GeForce GT 1010,NVIDIA,GPU,2021,1499.00,2147483648,24032000000,1228.0,1502.0,64.0
GeForce GT 1030 DDR4,NVIDIA,GPU,2018,499.00,2147483648,16800000000,1152.0,1050.0,64.0
GeForce GT 1030 GK107,NVIDIA,GPU,2018,4999.00,2147483648,40000000000,1058.0,1250.0,128.0
GeForce GT 1030,NVIDIA,GPU,2017,15000.00,2147483648,24032000000,1228.0,1502.0,64.0
GeForce GT 120 Mac Edition,NVIDIA,GPU,2009,4999.00,549755814,25600000000,550.0,800.0,128.0
GeForce GT 120 OEM,NVIDIA,GPU,2009,2499.00,549755814,16128000000,738.0,504.0,128.0
GeForce GT 120M Mac Edition,NVIDIA,GPU,2008,2499.00,274877907,25344000000,500.0,792.0,128.0
GeForce GT 120M,NVIDIA,GPU,2009,1499.00,1099511628,16000000000,500.0,500.0,128.0
GeForce GT 130 Mac Edition,NVIDIA,GPU,2008,1199.00,549755814,38016000000,600.0,792.0,192.0
GeForce GT 130 OEM,NVIDIA,GPU,2009,2499.00,549755814,24000000000,500.0,500.0,192.0
GeForce GT 130M,NVIDIA,GPU,2009,499.00,1099511628,25600000000,600.0,800.0,128.0
GeForce GT 140 OEM,NVIDIA,GPU,2009,1999.00,1099511628,57600000000,650.0,900.0,256.0
GeForce GT 220 OEM,NVIDIA,GPU,2009,15000.00,549755814,22400000000,506.0,700.0,128.0
GeForce GT 220M,NVIDIA,GPU,2009,699.00,549755814,25600000000,500.0,800.0,128.0
GeForce GT 220,NVIDIA,GPU,2009,499.00,549755814,32000000000,615.0,1000.0,128.0
GeForce GT 220,NVIDIA,GPU,2010,399.00,1099511628,22400000000,600.0,700.0,128.0
GeForce GT 230 OEM,NVIDIA,GPU,2009,25000.00,1649267442,24000000000,500.0,500.0,192.0
GeForce GT 230M,NVIDIA,GPU,2009,12000.00,1099511628,25600000000,500.0,800.0,128.0
GeForce GT 230,NVIDIA,GPU,2009,1199.00,549755814,57600000000,650.0,900.0,256.0
GeForce GT 240M LE,NVIDIA,GPU,2010,2499.00,549755814,12800000000,600.0,400.0,128.0
GeForce GT 240M,NVIDIA,GPU,2009,35000.00,1099511628,25600000000,550.0,800.0,128.0
GeForce GT 240,NVIDIA,GPU,2009,399.00,1099511628,27200000000,550.0,850.0,128.0
GeForce GT 320 OEM,NVIDIA,GPU,2010,25000.00,1099511628,25280000000,540.0,790.0,128.0
GeForce GT 320M,NVIDIA,GPU,2009,1199.00,549755814,25600000000,500.0,800.0,128.0
GeForce GT 320M,NVIDIA,GPU,2010,40000.00,1099511628,25280000000,500.0,790.0,128.0
GeForce GT 325M,NVIDIA,GPU,2010,20000.00,1099511628,22400000000,450.0,700.0,128.0
GeForce GT 330 OEM,NVIDIA,GPU,2010,20000.00,1099511628,51200000000,500.0,800.0,256.0
GeForce GT 330M Mac Edition,NVIDIA,GPU,2010,9999.00,549755814,25280000000,500.0,790.0,128.0
GeForce GT 330M,NVIDIA,GPU,2010,9999.00,1099511628,25600000000,575.0,800.0,128.0
GeForce GT 335M,NVIDIA,GPU,2010,9999.00,1099511628,25600000000,450.0,800.0,128.0
GeForce GT 340 OEM,NVIDIA,GPU,2010,20000.00,1099511628,27200000000,550.0,850.0,128.0
GeForce GT 415 OEM,NVIDIA,GPU,2010,35000.00,549755814,10656000000,625.0,333.0,128.0
GeForce GT 415M,NVIDIA,GPU,2010,699.00,549755814,25600000000,500.0,800.0,128.0
GeForce GT 420 OEM,NVIDIA,GPU,2010,2499.00,1099511628,28800000000,700.0,900.0,128.0
GeForce GT 420M,NVIDIA,GPU,2010,699.00,549755814,25600000000,500.0,800.0,128.0
GeForce GT 425M,NVIDIA,GPU,2010,299.00,1099511628,25600000000,560.0,800.0,128.0
GeForce GT 430 OEM,NVIDIA,GPU,2010,3499.00,2147483648,25600000000,700.0,800.0,128.0
GeForce GT 430 PCI,NVIDIA,GPU,2010,9999.00,549755814,9600000000,700.0,600.0,64.0
GeForce GT 430,NVIDIA,GPU,2010,35000.00,549755814,12800000000,700.0,800.0,64.0
GeForce GT 435M,NVIDIA,GPU,2010,30000.00,2147483648,25600000000,650.0,800.0,128.0
GeForce GT 435M,NVIDIA,GPU,2011,1499.00,1099511628,25600000000,590.0,800.0,128.0
GeForce GT 440 Mac Edition,NVIDIA,GPU,2011,2499.00,1099511628,21344000000,810.0,667.0,128.0
GeForce GT 440 OEM,NVIDIA,GPU,2010,3499.00,1649267442,43200000000,810.0,900.0,192.0
GeForce GT 440,NVIDIA,GPU,2011,35000.00,1099511628,28800000000,810.0,900.0,128.0
GeForce GT 445M,NVIDIA,GPU,2010,9999.00,3221225472,38400000000,590.0,800.0,192.0
GeForce GT 520 OEM,NVIDIA,GPU,2012,15000.00,1099511628,10672000000,700.0,667.0,64.0
GeForce GT 520 PCI,NVIDIA,GPU,2011,15000.00,1099511628,14400000000,810.0,900.0,64.0
GeForce GT 520 PCIe x1,NVIDIA,GPU,2011,899.00,1099511628,14400000000,810.0,900.0,64.0
GeForce GT 520MX,NVIDIA,GPU,2011,40000.00,1099511628,14400000000,900.0,900.0,64.0
GeForce GT 520M,NVIDIA,GPU,2011,3499.00,1099511628,12800000000,740.0,800.0,64.0
GeForce GT 520,NVIDIA,GPU,2011,40000.00,1099511628,14400000000,810.0,900.0,64.0
GeForce GT 525M,NVIDIA,GPU,2011,2499.00,1099511628,28800000000,600.0,900.0,128.0
GeForce GT 530 OEM,NVIDIA,GPU,2011,40000.00,1099511628,28800000000,700.0,900.0,128.0
GeForce GT 540M,NVIDIA,GPU,2011,299.00,1099511628,28800000000,672.0,900.0,128.0
GeForce GT 545 OEM,NVIDIA,GPU,2011,20000.00,1099511628,32000000000,871.0,1000.0,128.0
GeForce GT 545,NVIDIA,GPU,2011,1999.00,1649267442,38400000000,720.0,800.0,192.0
GeForce GT 550M,NVIDIA,GPU,2011,499.00,1099511628,28800000000,740.0,900.0,128.0
GeForce GT 555M,NVIDIA,GPU,2011,6999.00,1649267442,43200000000,590.0,900.0,192.0
GeForce GT 555M,NVIDIA,GPU,2012,1199.00,2147483648,28800000000,675.0,900.0,128.0
GeForce GT 610 OEM,NVIDIA,GPU,2012,4999.00,1099511628,8000000000,550.0,500.0,64.0
GeForce GT 610 OEM,NVIDIA,GPU,2016,12000.00,2147483648,8000000000,701.0,500.0,64.0
GeForce GT 610 PCI,NVIDIA,GPU,2012,20000.00,549755814,10672000000,810.0,667.0,64.0
GeForce GT 610 PCIe x1,NVIDIA,GPU,2012,299.00,549755814,8000000000,810.0,500.0,64.0
GeForce GT 610,NVIDIA,GPU,2012,35000.00,1099511628,14368000000,810.0,898.0,64.0
GeForce GT 620 OEM,NVIDIA,GPU,2012,2499.00,549755814,14368000000,810.0,898.0,64.0
GeForce GT 620M,NVIDIA,GPU,2012,499.00,1099511628,14400000000,625.0,900.0,64.0
GeForce GT 620,NVIDIA,GPU,2012,4999.00,1099511628,14400000000,700.0,900.0,64.0
GeForce GT 625 OEM,NVIDIA,GPU,2013,35000.00,1099511628,13200000000,874.0,825.0,64.0
GeForce GT 625M,NVIDIA,GPU,2012,3499.00,2147483648,14400000000,625.0,900.0,64.0
GeForce GT 630 OEM,NVIDIA,GPU,2012,499.00,1099511628,28512000000,875.0,891.0,128.0
GeForce GT 630 Rev. 2 PCIe x8,NVIDIA,GPU,2013,3499.00,2147483648,14400000000,902.0,900.0,64.0
GeForce GT 630 Rev. 2,NVIDIA,GPU,2013,1199.00,2147483648,14400000000,902.0,900.0,64.0
GeForce GT 630M,NVIDIA,GPU,2012,40000.00,2147483648,28800000000,800.0,900.0,128.0
GeForce GT 630,NVIDIA,GPU,2012,25000.00,1099511628,28800000000,810.0,900.0,128.0
GeForce GT 635 OEM,NVIDIA,GPU,2013,699.00,1099511628,14400000000,967.0,900.0,64.0
GeForce GT 635M,NVIDIA,GPU,2012,30000.00,2147483648,28800000000,675.0,900.0,128.0
GeForce GT 640 OEM Rebrand,NVIDIA,GPU,2012,9999.00,1649267442,38400000000,720.0,800.0,192.0
GeForce GT 640 OEM,NVIDIA,GPU,2012,1199.00,2147483648,28512000000,797.0,891.0,128.0
GeForce GT 640 Rev. 2,NVIDIA,GPU,2013,20000.00,1099511628,20032000000,1046.0,1252.0,64.0
GeForce GT 640M LE,NVIDIA,GPU,2012,2499.00,2147483648,25120000000,753.0,785.0,128.0
GeForce GT 640M Mac Edition,NVIDIA,GPU,2013,1199.00,549755814,20000000000,745.0,1250.0,64.0
GeForce GT 640M,NVIDIA,GPU,2012,1999.00,2147483648,28800000000,625.0,900.0,128.0
GeForce GT 640,NVIDIA,GPU,2012,4999.00,2147483648,28512000000,902.0,891.0,128.0
GeForce GT 645 OEM,NVIDIA,GPU,2012,899.00,1099511628,45936000000,776.0,957.0,192.0
GeForce GT 645M,NVIDIA,GPU,2012,3499.00,2147483648,28800000000,709.0,900.0,128.0
GeForce GT 650M Mac Edition,NVIDIA,GPU,2012,6999.00,549755814,40128000000,900.0,1254.0,128.0
GeForce GT 650M,NVIDIA,GPU,2012,3499.00,1099511628,28800000000,835.0,900.0,128.0
GeForce GT 705 OEM,NVIDIA,GPU,2014,40000.00,1099511628,13200000000,874.0,825.0,64.0
GeForce GT 710 OEM,NVIDIA,GPU,2015,2499.00,1099511628,14400000000,797.0,900.0,64.0
GeForce GT 710 PCIe x1,NVIDIA,GPU,2014,399.00,1099511628,12800000000,954.0,800.0,64.0
GeForce GT 710M,NVIDIA,GPU,2013,699.00,1099511628,14400000000,775.0,900.0,64.0
GeForce GT 710,NVIDIA,GPU,2014,2499.00,2147483648,14400000000,954.0,900.0,64.0
GeForce GT 710,NVIDIA,GPU,2016,15000.00,1099511628,14368000000,810.0,898.0,64.0
GeForce GT 720 OEM,NVIDIA,GPU,2017,4999.00,1099511628,28512000000,993.0,891.0,128.0
GeForce GT 720A,NVIDIA,GPU,2014,4999.00,1099511628,16016000000,775.0,1001.0,64.0
GeForce GT 720M,NVIDIA,GPU,2013,1999.00,2147483648,12800000000,719.0,800.0,64.0
GeForce GT 720,NVIDIA,GPU,2014,25000.00,2147483648,14400000000,967.0,900.0,64.0
GeForce GT 730 OEM,NVIDIA,GPU,2015,25000.00,1099511628,20048000000,902.0,1253.0,64.0
GeForce GT 730A,NVIDIA,GPU,2014,6999.00,2147483648,16016000000,719.0,1001.0,64.0
GeForce GT 730M,NVIDIA,GPU,2013,899.00,2147483648,28800000000,725.0,900.0,128.0
GeForce GT 730M,NVIDIA,GPU,2014,3499.00,2147483648,14400000000,719.0,900.0,64.0
GeForce GT 730,NVIDIA,GPU,2014,299.00,2147483648,25600000000,700.0,800.0,128.0
GeForce GT 735M,NVIDIA,GPU,2013,12000.00,2147483648,14400000000,575.0,900.0,64.0
GeForce GT 740 OEM,NVIDIA,GPU,2015,15000.00,1099511628,40096000000,1050.0,1253.0,128.0
GeForce GT 740A,NVIDIA,GPU,2013,4999.00,2147483648,14400000000,980.0,900.0,64.0
GeForce GT 740M,NVIDIA,GPU,2013,35000.00,2147483648,14400000000,980.0,900.0,64.0
GeForce GT 740,NVIDIA,GPU,2014,25000.00,1099511628,40096000000,993.0,1253.0,128.0
GeForce GT 745A,NVIDIA,GPU,2013,30000.00,2147483648,28800000000,837.0,900.0,128.0
GeForce GT 745M,NVIDIA,GPU,2013,499.00,2147483648,28800000000,837.0,900.0,128.0
GeForce GT 750M Mac Edition,NVIDIA,GPU,2013,2499.00,2147483648,40128000000,926.0,1254.0,128.0
GeForce GT 750M,NVIDIA,GPU,2013,4999.00,2147483648,32096000000,941.0,1003.0,128.0
GeForce GT 755M Mac Edition,NVIDIA,GPU,2013,399.00,1099511628,40000000000,1085.0,1250.0,128.0
GeForce GT 755M,NVIDIA,GPU,2013,15000.00,2147483648,43200000000,980.0,1350.0,128.0
GeForce GT 820M,NVIDIA,GPU,2013,15000.00,1099511628,14400000000,775.0,900.0,64.0
GeForce GTS 150 OEM,NVIDIA,GPU,2009,1999.00,1099511628,64000000000,738.0,1000.0,256.0
GeForce GTS 150M,NVIDIA,GPU,2009,3499.00,1099511628,51200000000,400.0,800.0,256.0
GeForce GTS 160M,NVIDIA,GPU,2009,399.00,1099511628,51200000000,600.0,800.0,256.0
GeForce GTS 240 OEM,NVIDIA,GPU,2009,1499.00,1099511628,70400000000,675.0,1100.0,256.0
GeForce GTS 250M,NVIDIA,GPU,2009,4999.00,1099511628,25600000000,500.0,800.0,128.0
GeForce GTS 250,NVIDIA,GPU,2009,4999.00,1099511628,64000000000,702.0,1000.0,256.0
GeForce GTS 260M,NVIDIA,GPU,2009,6999.00,1099511628,28800000000,550.0,900.0,128.0
GeForce GTS 350M,NVIDIA,GPU,2010,3499.00,1099511628,25600000000,500.0,800.0,128.0
GeForce GTS 360M,NVIDIA,GPU,2010,15000.00,1099511628,28800000000,550.0,900.0,128.0
GeForce GTS 450 OEM,NVIDIA,GPU,2010,40000.00,1649267442,48000000000,790.0,1000.0,192.0
GeForce GTS 450 Rev. 2,NVIDIA,GPU,2011,1999.00,1099511628,28864000000,783.0,902.0,128.0
GeForce GTS 450 Rev. 3,NVIDIA,GPU,2012,399.00,1099511628,22400000000,783.0,700.0,128.0
GeForce GTS 450,NVIDIA,GPU,2010,6999.00,1099511628,28864000000,783.0,902.0,128.0
GeForce GTX 1050 3 GB,NVIDIA,GPU,2018,12000.00,3221225472,42048000000,1392.0,1752.0,96.0
GeForce GTX 1050 Max-Q,NVIDIA,GPU,2018,2499.00,4294967296,56064000000,1000.0,1752.0,128.0
GeForce GTX 1050 Mobile 3 GB,NVIDIA,GPU,2019,1199.00,3221225472,42048000000,1366.0,1752.0,96.0
GeForce GTX 1050 Mobile,NVIDIA,GPU,2017,30000.00,2147483648,56064000000,1354.0,1752.0,128.0
GeForce GTX 1050 Ti Max-Q,NVIDIA,GPU,2018,12000.00,4294967296,56064000000,1152.0,1752.0,128.0
GeForce GTX 1050 Ti Mobile,NVIDIA,GPU,2017,9999.00,4294967296,56064000000,1493.0,1752.0,128.0
GeForce GTX 1050 Ti,NVIDIA,GPU,2016,35000.00,4294967296,56064000000,1291.0,1752.0,128.0
GeForce GTX 1050,NVIDIA,GPU,2016,299.00,2147483648,56064000000,1354.0,1752.0,128.0
GeForce GTX 1060 3 GB GP104,NVIDIA,GPU,2016,15000.00,3221225472,96096000000,1506.0,2002.0,192.0
GeForce GTX 1060 3 GB,NVIDIA,GPU,2016,1999.00,3221225472,96096000000,1506.0,2002.0,192.0
GeForce GTX 1060 5 GB,NVIDIA,GPU,2017,2499.00,5368709120,80080000000,1506.0,2002.0,160.0
GeForce GTX 1060 6 GB 9Gbps,NVIDIA,GPU,2017,25000.00,6442450944,108336000000,1506.0,2257.0,192.0
GeForce GTX 1060 6 GB GDDR5X,NVIDIA,GPU,2018,15000.00,6442450944,48048000000,1506.0,1001.0,192.0
GeForce GTX 1060 6 GB GP104,NVIDIA,GPU,2018,299.00,6442450944,96096000000,1506.0,2002.0,192.0
GeForce GTX 1060 6 GB Rev. 2,NVIDIA,GPU,2018,25000.00,6442450944,96096000000,1506.0,2002.0,192.0
GeForce GTX 1060 6 GB,NVIDIA,GPU,2016,12000.00,6442450944,96096000000,1506.0,2002.0,192.0
GeForce GTX 1060 8 GB GDDR5X,NVIDIA,GPU,,4999.00,8589934592,64064000000,1506.0,1001.0,256.0
GeForce GTX 1060 Max-Q,NVIDIA,GPU,2017,3499.00,6442450944,96096000000,1063.0,2002.0,192.0
GeForce GTX 1060 Mobile,NVIDIA,GPU,2016,30000.00,6442450944,96096000000,1404.0,2002.0,192.0
GeForce GTX 1070 GDDR5X,NVIDIA,GPU,2018,499.00,8589934592,64064000000,1506.0,1001.0,256.0
GeForce GTX 1070 Max-Q,NVIDIA,GPU,2017,1199.00,8589934592,128128000000,1215.0,2002.0,256.0
GeForce GTX 1070 Mobile,NVIDIA,GPU,2016,3499.00,8589934592,128128000000,1442.0,2002.0,256.0
GeForce GTX 1070 Ti,NVIDIA,GPU,2017,3499.00,8589934592,128128000000,1607.0,2002.0,256.0
GeForce GTX 1070,NVIDIA,GPU,2016,3499.00,8589934592,128128000000,1506.0,2002.0,256.0
GeForce GTX 1080 11Gbps,NVIDIA,GPU,2017,1999.00,8589934592,88064000000,1607.0,1376.0,256.0
GeForce GTX 1080 Max-Q,NVIDIA,GPU,2017,4999.00,8589934592,80064000000,1290.0,1251.0,256.0
GeForce GTX 1080 Mobile,NVIDIA,GPU,2016,1199.00,8589934592,80064000000,1556.0,1251.0,256.0
GeForce GTX 1080 Ti 10 GB,NVIDIA,GPU,,1199.00,10737418240,110080000000,1557.0,1376.0,320.0
GeForce GTX 1080 Ti,NVIDIA,GPU,2017,4999.00,11811160064,121088000000,1481.0,1376.0,352.0
GeForce GTX 1080,NVIDIA,GPU,2016,6999.00,8589934592,80064000000,1607.0,1251.0,256.0
GeForce GTX 1630,NVIDIA,GPU,2022,20000.00,4294967296,23008000000,2295.0,1438.0,64.0
GeForce GTX 1650 GDDR6,NVIDIA,GPU,2020,20000.00,4294967296,48000000000,1410.0,1500.0,128.0
GeForce GTX 1650 Max-Q,NVIDIA,GPU,2019,699.00,4294967296,56032000000,1020.0,1751.0,128.0
GeForce GTX 1650 Max-Q,NVIDIA,GPU,2020,6999.00,4294967296,40000000000,930.0,1250.0,128.0
GeForce GTX 1650 Mobile,NVIDIA,GPU,2019,699.00,4294967296,64032000000,1395.0,2001.0,128.0
GeForce GTX 1650 Mobile,NVIDIA,GPU,2020,3499.00,4294967296,48000000000,1380.0,1500.0,128.0
GeForce GTX 1650 SUPER,NVIDIA,GPU,2019,4999.00,4294967296,48000000000,1530.0,1500.0,128.0
GeForce GTX 1650 Ti Max-Q,NVIDIA,GPU,2020,3499.00,4294967296,40000000000,1035.0,1250.0,128.0
GeForce GTX 1650 Ti Mobile,NVIDIA,GPU,2020,499.00,4294967296,48000000000,1350.0,1500.0,128.0
GeForce GTX 1650 TU106,NVIDIA,GPU,2020,1999.00,4294967296,48000000000,1410.0,1500.0,128.0
GeForce GTX 1650 TU116,NVIDIA,GPU,2020,6999.00,4294967296,48000000000,1410.0,1500.0,128.0
GeForce GTX 1650,NVIDIA,GPU,2019,2499.00,4294967296,64032000000,1485.0,2001.0,128.0
GeForce GTX 1660 SUPER,NVIDIA,GPU,2019,12000.00,6442450944,84000000000,1530.0,1750.0,192.0
GeForce GTX 1660 Ti Max-Q,NVIDIA,GPU,2019,12000.00,6442450944,72000000000,1140.0,1500.0,192.0
GeForce GTX 1660 Ti Mobile,NVIDIA,GPU,2019,15000.00,6442450944,72000000000,1455.0,1500.0,192.0
GeForce GTX 1660 Ti,NVIDIA,GPU,2019,299.00,6442450944,72000000000,1500.0,1500.0,192.0
GeForce GTX 1660,NVIDIA,GPU,2019,4999.00,6442450944,96048000000,1530.0,2001.0,192.0
GeForce GTX 260 Core 216 Rev. 2,NVIDIA,GPU,2008,699.00,962072674,111888000000,576.0,999.0,448.0
GeForce GTX 260 Core 216,NVIDIA,GPU,2008,1499.00,962072674,111888000000,576.0,999.0,448.0
GeForce GTX 260 OEM,NVIDIA,GPU,2009,30000.00,1924145349,112896000000,518.0,1008.0,448.0
GeForce GTX 260 Rev. 2,NVIDIA,GPU,2008,35000.00,962072674,111888000000,576.0,999.0,448.0
GeForce GTX 260M,NVIDIA,GPU,2009,6999.00,1099511628,60800000000,550.0,950.0,256.0
GeForce GTX 260,NVIDIA,GPU,2008,40000.00,962072674,111888000000,576.0,999.0,448.0
GeForce GTX 275 PhysX Edition,NVIDIA,GPU,2010,3499.00,962072674,127008000000,633.0,1134.0,448.0
GeForce GTX 275,NVIDIA,GPU,2009,499.00,962072674,127008000000,633.0,1134.0,448.0
GeForce GTX 280M,NVIDIA,GPU,2009,4999.00,1099511628,60800000000,585.0,950.0,256.0
GeForce GTX 280,NVIDIA,GPU,2008,25000.00,1099511628,141696000000,602.0,1107.0,512.0
GeForce GTX 285 Mac Edition,NVIDIA,GPU,2009,15000.00,1099511628,158976000000,648.0,1242.0,512.0
GeForce GTX 285M,NVIDIA,GPU,2010,15000.00,1099511628,64000000000,600.0,1000.0,256.0
GeForce GTX 285,NVIDIA,GPU,2008,3499.00,1099511628,158976000000,648.0,1242.0,512.0
GeForce GTX 295,NVIDIA,GPU,2009,699.00,962072674,111888000000,576.0,999.0,448.0
GeForce GTX 460 OEM,NVIDIA,GPU,2010,12000.00,1099511628,54400000000,650.0,850.0,256.0
GeForce GTX 460 SE v2,NVIDIA,GPU,2010,40000.00,824633721,40800000000,650.0,850.0,192.0
GeForce GTX 460 SE,NVIDIA,GPU,2010,30000.00,1099511628,54400000000,650.0,850.0,256.0
GeForce GTX 460 v2 ES,NVIDIA,GPU,2011,2499.00,1374389535,64128000000,779.0,1002.0,256.0
GeForce GTX 460 v2,NVIDIA,GPU,2011,1499.00,1099511628,48096000000,779.0,1002.0,192.0
GeForce GTX 460 X2,NVIDIA,GPU,2011,15000.00,1099511628,57600000000,701.0,900.0,256.0
GeForce GTX 460M,NVIDIA,GPU,2010,12000.00,1649267442,30000000000,675.0,625.0,192.0
GeForce GTX 460,NVIDIA,GPU,2010,1199.00,1099511628,57600000000,675.0,900.0,256.0
GeForce GTX 465,NVIDIA,GPU,2010,30000.00,1099511628,51328000000,608.0,802.0,256.0
GeForce GTX 470 PhysX Edition,NVIDIA,GPU,,4999.00,1374389535,66960000000,608.0,837.0,320.0
GeForce GTX 470 X2,NVIDIA,GPU,,15000.00,1099511628,53568000000,608.0,837.0,256.0
GeForce GTX 470M,NVIDIA,GPU,2010,1199.00,1649267442,36000000000,535.0,750.0,192.0
GeForce GTX 470,NVIDIA,GPU,2010,899.00,1374389535,66960000000,608.0,837.0,320.0
GeForce GTX 480 Core 512,NVIDIA,GPU,,499.00,1649267442,67200000000,527.0,700.0,384.0
GeForce GTX 480M,NVIDIA,GPU,2010,1999.00,2147483648,38400000000,425.0,600.0,256.0
GeForce GTX 480,NVIDIA,GPU,2010,20000.00,1649267442,88704000000,701.0,924.0,384.0
GeForce GTX 485M,NVIDIA,GPU,2011,1999.00,2147483648,48000000000,575.0,750.0,256.0
GeForce GTX 490,NVIDIA,GPU,,1199.00,1649267442,81984000000,608.0,854.0,384.0
GeForce GTX 550 Ti,NVIDIA,GPU,2011,25000.00,1099511628,49248000000,900.0,1026.0,192.0
GeForce GTX 555 OEM,NVIDIA,GPU,2011,399.00,1099511628,45936000000,736.0,957.0,192.0
GeForce GTX 560 OEM,NVIDIA,GPU,2011,12000.00,1374389535,64160000000,552.0,802.0,320.0
GeForce GTX 560 SE,NVIDIA,GPU,2012,25000.00,1099511628,45936000000,736.0,957.0,192.0
GeForce GTX 560 Ti 448,NVIDIA,GPU,2011,15000.00,1374389535,76000000000,732.0,950.0,320.0
GeForce GTX 560 Ti OEM,NVIDIA,GPU,2011,4999.00,1374389535,60800000000,732.0,950.0,256.0
GeForce GTX 560 Ti X2,NVIDIA,GPU,2011,699.00,1099511628,64128000000,850.0,1002.0,256.0
GeForce GTX 560 Ti,NVIDIA,GPU,2011,25000.00,1099511628,64128000000,823.0,1002.0,256.0
GeForce GTX 560M,NVIDIA,GPU,2011,40000.00,1649267442,30000000000,775.0,625.0,192.0
GeForce GTX 560,NVIDIA,GPU,2011,699.00,1099511628,64000000000,810.0,1000.0,256.0
GeForce GTX 570 Rev. 2,NVIDIA,GPU,2010,25000.00,1374389535,76000000000,732.0,950.0,320.0
GeForce GTX 570M,NVIDIA,GPU,2011,6999.00,1649267442,36000000000,575.0,750.0,192.0
GeForce GTX 570,NVIDIA,GPU,2010,4999.00,1374389535,76000000000,732.0,950.0,320.0
GeForce GTX 580 Rev. 2,NVIDIA,GPU,2011,25000.00,1649267442,96192000000,772.0,1002.0,384.0
GeForce GTX 580M,NVIDIA,GPU,2011,25000.00,2147483648,48000000000,620.0,750.0,256.0
GeForce GTX 580,NVIDIA,GPU,2010,9999.00,1649267442,96192000000,772.0,1002.0,384.0
GeForce GTX 590,NVIDIA,GPU,2011,499.00,1649267442,81984000000,608.0,854.0,384.0
GeForce GTX 645 OEM,NVIDIA,GPU,2013,40000.00,1099511628,32000000000,824.0,1000.0,128.0
GeForce GTX 650 Ti Boost,NVIDIA,GPU,2013,30000.00,2147483648,72096000000,980.0,1502.0,192.0
GeForce GTX 650 Ti OEM,NVIDIA,GPU,2013,1199.00,2147483648,43200000000,928.0,1350.0,128.0
GeForce GTX 650 Ti,NVIDIA,GPU,2012,1999.00,1099511628,43200000000,928.0,1350.0,128.0
GeForce GTX 650,NVIDIA,GPU,2012,499.00,1099511628,40000000000,1058.0,1250.0,128.0
GeForce GTX 650,NVIDIA,GPU,2013,3499.00,1099511628,40000000000,1058.0,1250.0,128.0
GeForce GTX 660 OEM,NVIDIA,GPU,2012,20000.00,2147483648,89600000000,823.0,1400.0,256.0
GeForce GTX 660 Rev. 2,NVIDIA,GPU,2014,40000.00,2147483648,72096000000,980.0,1502.0,192.0
GeForce GTX 660 Ti,NVIDIA,GPU,2012,3499.00,2147483648,72096000000,915.0,1502.0,192.0
GeForce GTX 660M Mac Edition,NVIDIA,GPU,2013,499.00,549755814,40000000000,950.0,1250.0,128.0
GeForce GTX 660M,NVIDIA,GPU,2012,20000.00,1099511628,32000000000,835.0,1000.0,128.0
GeForce GTX 660,NVIDIA,GPU,2012,25000.00,2147483648,72096000000,980.0,1502.0,192.0
GeForce GTX 670MX,NVIDIA,GPU,2012,1199.00,3221225472,33600000000,601.0,700.0,192.0
GeForce GTX 670M,NVIDIA,GPU,2012,40000.00,1649267442,36000000000,598.0,750.0,192.0
GeForce GTX 670,NVIDIA,GPU,2012,12000.00,2147483648,96128000000,915.0,1502.0,256.0
GeForce GTX 675MX Mac Edition,NVIDIA,GPU,2013,40000.00,1099511628,80000000000,719.0,1250.0,256.0
GeForce GTX 675MX,NVIDIA,GPU,2012,1999.00,2147483648,57600000000,654.0,900.0,256.0
GeForce GTX 675M,NVIDIA,GPU,2012,3499.00,2147483648,48000000000,620.0,750.0,256.0
GeForce GTX 680 Mac Edition,NVIDIA,GPU,2013,2499.00,2147483648,96128000000,1006.0,1502.0,256.0
GeForce GTX 680MX Mac Edition,NVIDIA,GPU,2012,899.00,2147483648,80000000000,719.0,1250.0,256.0
GeForce GTX 680M,NVIDIA,GPU,2012,3499.00,4294967296,57600000000,719.0,900.0,256.0
GeForce GTX 680,NVIDIA,GPU,2012,35000.00,2147483648,96128000000,1006.0,1502.0,256.0
GeForce GTX 690,NVIDIA,GPU,2012,399.00,2147483648,96128000000,915.0,1502.0,256.0
GeForce GTX 745 OEM,NVIDIA,GPU,2014,1999.00,4294967296,28800000000,1033.0,900.0,128.0
GeForce GTX 750 GM206,NVIDIA,GPU,2015,3499.00,2147483648,40096000000,1087.0,1253.0,128.0
GeForce GTX 750 Ti OEM,NVIDIA,GPU,2014,3499.00,2147483648,96128000000,1033.0,1502.0,256.0
GeForce GTX 750 Ti,NVIDIA,GPU,2014,1999.00,2147483648,43200000000,1020.0,1350.0,128.0
GeForce GTX 750,NVIDIA,GPU,2014,3499.00,1099511628,40096000000,1020.0,1253.0,128.0
GeForce GTX 760 OEM Rebrand,NVIDIA,GPU,2013,1199.00,3221225472,89600000000,823.0,1400.0,256.0
GeForce GTX 760 OEM,NVIDIA,GPU,2013,699.00,1649267442,67200000000,823.0,1400.0,192.0
GeForce GTX 760 OEM,NVIDIA,GPU,2016,12000.00,2147483648,105600000000,993.0,1650.0,256.0
GeForce GTX 760 Ti OEM Rebrand,NVIDIA,GPU,2013,3499.00,2147483648,96128000000,915.0,1502.0,256.0
GeForce GTX 760 Ti OEM,NVIDIA,GPU,2013,15000.00,2147483648,96128000000,915.0,1502.0,256.0
GeForce GTX 760 X2,NVIDIA,GPU,2013,20000.00,2147483648,96128000000,1006.0,1502.0,256.0
GeForce GTX 760A,NVIDIA,GPU,2014,2499.00,2147483648,32064000000,628.0,1002.0,128.0
GeForce GTX 760M,NVIDIA,GPU,2013,15000.00,2147483648,32064000000,628.0,1002.0,128.0
GeForce GTX 760,NVIDIA,GPU,2013,1999.00,2147483648,96128000000,980.0,1502.0,256.0
GeForce GTX 765M,NVIDIA,GPU,2013,25000.00,2147483648,32064000000,797.0,1002.0,128.0
GeForce GTX 770M,NVIDIA,GPU,2013,15000.00,3221225472,48096000000,706.0,1002.0,192.0
GeForce GTX 770,NVIDIA,GPU,2013,1999.00,2147483648,112192000000,1046.0,1753.0,256.0
GeForce GTX 775M Mac Edition,NVIDIA,GPU,2013,9999.00,2147483648,80000000000,797.0,1250.0,256.0
GeForce GTX 780 6 GB,NVIDIA,GPU,2013,12000.00,6442450944,144192000000,863.0,1502.0,384.0
GeForce GTX 780 Rev. 2,NVIDIA,GPU,2013,12000.00,3221225472,144192000000,863.0,1502.0,384.0
GeForce GTX 780 Ti 6 GB,NVIDIA,GPU,,2499.00,6442450944,168288000000,875.0,1753.0,384.0
GeForce GTX 780 Ti,NVIDIA,GPU,2013,15000.00,3221225472,168288000000,875.0,1753.0,384.0
GeForce GTX 780M Mac Edition,NVIDIA,GPU,2013,40000.00,4294967296,80000000000,771.0,1250.0,256.0
GeForce GTX 780M,NVIDIA,GPU,2013,2499.00,4294967296,80000000000,771.0,1250.0,256.0
GeForce GTX 780,NVIDIA,GPU,2013,1999.00,3221225472,144192000000,863.0,1502.0,384.0
GeForce GTX 850A,NVIDIA,GPU,2014,899.00,2147483648,28800000000,902.0,900.0,128.0
GeForce GTX 850M,NVIDIA,GPU,2014,499.00,2147483648,32032000000,902.0,1001.0,128.0
GeForce GTX 860M OEM,NVIDIA,GPU,2015,20000.00,2147483648,40096000000,1020.0,1253.0,128.0
GeForce GTX 860M,NVIDIA,GPU,2014,35000.00,4294967296,40096000000,1020.0,1253.0,128.0
GeForce GTX 870M,NVIDIA,GPU,2014,35000.00,3221225472,60000000000,941.0,1250.0,192.0
GeForce GTX 880M,NVIDIA,GPU,2014,1499.00,8589934592,80000000000,954.0,1250.0,256.0
GeForce GTX 950 Low Power,NVIDIA,GPU,2016,25000.00,2147483648,52896000000,1026.0,1653.0,128.0
GeForce GTX 950 OEM,NVIDIA,GPU,2016,1999.00,4294967296,40096000000,937.0,1253.0,128.0
GeForce GTX 950A,NVIDIA,GPU,2015,399.00,2147483648,32032000000,993.0,1001.0,128.0
GeForce GTX 950M Mac Edition,NVIDIA,GPU,2015,899.00,2147483648,28800000000,993.0,900.0,128.0
GeForce GTX 950M,NVIDIA,GPU,2015,20000.00,4294967296,28800000000,993.0,900.0,128.0
GeForce GTX 950,NVIDIA,GPU,2015,35000.00,2147483648,52896000000,1024.0,1653.0,128.0
GeForce GTX 960 OEM,NVIDIA,GPU,2015,4999.00,4294967296,56096000000,1176.0,1753.0,128.0
GeForce GTX 960A,NVIDIA,GPU,2015,30000.00,2147483648,40096000000,1029.0,1253.0,128.0
GeForce GTX 960M,NVIDIA,GPU,2015,3499.00,4294967296,40096000000,1097.0,1253.0,128.0
GeForce GTX 960,NVIDIA,GPU,2015,30000.00,2147483648,56096000000,1127.0,1753.0,128.0
GeForce GTX 965M,NVIDIA,GPU,2015,1999.00,4294967296,40096000000,935.0,1253.0,128.0
GeForce GTX 965M,NVIDIA,GPU,2016,15000.00,2147483648,40096000000,935.0,1253.0,128.0
GeForce GTX 970M,NVIDIA,GPU,2014,25000.00,6442450944,60144000000,924.0,1253.0,192.0
GeForce GTX 970,NVIDIA,GPU,2014,3499.00,4294967296,112192000000,1050.0,1753.0,256.0
GeForce GTX 980 Mobile,NVIDIA,GPU,2015,4999.00,8589934592,112192000000,1064.0,1753.0,256.0
GeForce GTX 980 Ti,NVIDIA,GPU,2015,499.00,6442450944,168288000000,1000.0,1753.0,384.0
GeForce GTX 980MX,NVIDIA,GPU,2016,499.00,8589934592,96000000000,1050.0,1500.0,256.0
GeForce GTX 980M,NVIDIA,GPU,2014,15000.00,8589934592,80192000000,1038.0,1253.0,256.0
GeForce GTX 980,NVIDIA,GPU,2014,6999.00,4294967296,112192000000,1127.0,1753.0,256.0
GeForce GTX TITAN BLACK,NVIDIA,GPU,2014,699.00,6442450944,168000000000,889.0,1750.0,384.0
GeForce GTX TITAN X,NVIDIA,GPU,2015,3499.00,12884901888,168288000000,1000.0,1753.0,384.0
GeForce GTX TITAN Z,NVIDIA,GPU,2014,6999.00,6442450944,168000000000,705.0,1750.0,384.0
GeForce GTX TITAN,NVIDIA,GPU,2013,6999.00,6442450944,144192000000,836.0,1502.0,384.0
H100 PCIe 80 GB,NVIDIA,GPU,2023,9999.00,85899345920,1520640000000,1260.0,1188.0,5120.0
H100 PCIe 96 GB,NVIDIA,GPU,2023,399.00,103079215104,2000640000000,885.0,1563.0,5120.0
H100 CNX,NVIDIA,GPU,2023,12000.00,85899345920,1520640000000,1440.0,1188.0,5120.0
H100 SXM5 64 GB,NVIDIA,GPU,2023,1199.00,68719476736,933120000000,900.0,1215.0,3072.0
H100 SXM5 80 GB,NVIDIA,GPU,2023,1199.00,85899345920,2000640000000,1320.0,1563.0,5120.0
H100 SXM5 96 GB,NVIDIA,GPU,2023,20000.00,103079215104,1792000000000,2205.0,1400.0,5120.0
H100 SXM5,NVIDIA,GPU,2022,15000.00,85899345920,1920000000000,1065.0,1500.0,5120.0
H100 PCIe,NVIDIA,GPU,2022,4999.00,85899345920,1280000000000,1065.0,1000.0,5120.0
H3C XG310,Intel,GPU,2020,699.00,8589934592,68256000000,900.0,2133.0,128.0
H800 PCIe 80 GB,NVIDIA,GPU,2023,3499.00,85899345920,2880000000000,930.0,2250.0,5120.0
H800 SXM5,NVIDIA,GPU,2023,1999.00,85899345920,2880000000000,1335.0,2250.0,5120.0
Radeon HD 2350 PRO,Ati,GPU,2007,699.00,274877907,6400000000,525.0,400.0,64.0
Radeon HD 2400 PRO AGP,Ati,GPU,2007,1999.00,274877907,6400000000,525.0,400.0,64.0
Radeon HD 2400 PRO PCI,Ati,GPU,2007,2499.00,549755814,6400000000,525.0,400.0,64.0
Radeon HD 2400 PRO,Ati,GPU,2007,30000.00,274877907,6400000000,525.0,400.0,64.0
Radeon HD 2400 XT,Ati,GPU,2007,299.00,274877907,8000000000,650.0,500.0,64.0
Radeon HD 2400,Ati,GPU,2008,25000.00,274877907,7920000000,398.0,495.0,64.0
Radeon HD 2600 PRO AGP,Ati,GPU,2007,699.00,549755814,12672000000,594.0,396.0,128.0
Radeon HD 2600 PRO,Ati,GPU,2007,699.00,274877907,16000000000,600.0,500.0,128.0
Radeon HD 2600 XT AGP,Ati,GPU,2007,4999.00,274877907,12960000000,722.0,405.0,128.0
Radeon HD 2600 XT Mac Edition,Ati,GPU,2008,3499.00,274877907,25600000000,700.0,800.0,128.0
Radeon HD 2600 XT X2,Ati,GPU,2007,3499.00,549755814,25600000000,800.0,800.0,128.0
Radeon HD 2600 XT,Ati,GPU,2007,15000.00,274877907,22400000000,800.0,700.0,128.0
Radeon HD 2900 GT,Ati,GPU,2007,30000.00,274877907,51200000000,601.0,800.0,256.0
Radeon HD 2900 PRO,Ati,GPU,2007,2499.00,549755814,51200000000,600.0,800.0,256.0
Radeon HD 2900 XTX,Ati,GPU,,1499.00,549755814,105984000000,743.0,828.0,512.0
Radeon HD 2900 XT,Ati,GPU,2007,15000.00,549755814,105984000000,743.0,828.0,512.0
Radeon HD 2950 PRO,Ati,GPU,,1999.00,274877907,38400000000,600.0,600.0,256.0
Radeon HD 2950 XTX,Ati,GPU,,1999.00,549755814,72064000000,777.0,1126.0,256.0
Radeon HD 3200 IGP,Ati,GPU,2008,1999.00,274877907,12800000000,175.0,166.0,128.0
Radeon HD 3200 Mobile IGP,Ati,GPU,2009,15000.00,274877907,12800000000,200.0,166.0,128.0
Radeon HD 3300 IGP,Ati,GPU,2008,1199.00,274877907,12800000000,200.0,166.0,128.0
Radeon HD 3410,Ati,GPU,2009,15000.00,274877907,6336000000,519.0,396.0,64.0
Radeon HD 3450 AGP,Ati,GPU,2008,499.00,549755814,8000000000,600.0,500.0,64.0
Radeon HD 3450 PCI,Ati,GPU,2008,1499.00,549755814,6400000000,600.0,400.0,64.0
Radeon HD 3450 X2,Ati,GPU,2007,12000.00,549755814,8000000000,600.0,500.0,64.0
Radeon HD 3450,Ati,GPU,2007,12000.00,274877907,8000000000,600.0,500.0,64.0
Radeon HD 3470,Ati,GPU,2008,399.00,274877907,15200000000,800.0,950.0,64.0
Radeon HD 3550,Ati,GPU,2008,2499.00,549755814,6336000000,594.0,396.0,64.0
Radeon HD 3570,Ati,GPU,2010,1999.00,549755814,7920000000,796.0,495.0,64.0
Radeon HD 3610,Ati,GPU,2009,1499.00,549755814,12672000000,594.0,396.0,128.0
Radeon HD 3650 AGP,Ati,GPU,2008,4999.00,549755814,16000000000,725.0,500.0,128.0
Radeon HD 3650,Ati,GPU,2008,699.00,274877907,25600000000,725.0,800.0,128.0
Radeon HD 3690,Ati,GPU,2008,399.00,274877907,26560000000,670.0,830.0,128.0
Radeon HD 3730,Ati,GPU,2008,20000.00,549755814,12672000000,722.0,396.0,128.0
Radeon HD 3750,Ati,GPU,2008,9999.00,549755814,22176000000,796.0,693.0,128.0
Radeon HD 3830,Ati,GPU,2008,399.00,274877907,26496000000,668.0,828.0,128.0
Radeon HD 3850 AGP,Ati,GPU,2008,20000.00,549755814,52992000000,668.0,828.0,256.0
Radeon HD 3850 X2,Ati,GPU,2008,4999.00,549755814,52992000000,669.0,828.0,256.0
Radeon HD 3850 X3,Ati,GPU,,1999.00,549755814,54400000000,669.0,850.0,256.0
Radeon HD 3850,Ati,GPU,2007,40000.00,549755814,53120000000,668.0,830.0,256.0
Radeon HD 3870 AGP,Ati,GPU,,899.00,549755814,72064000000,777.0,1126.0,256.0
Radeon HD 3870 Mac Edition,Ati,GPU,2008,15000.00,549755814,72064000000,777.0,1126.0,256.0
Radeon HD 3870 X2,Ati,GPU,2008,15000.00,549755814,57664000000,825.0,901.0,256.0
Radeon HD 3870,Ati,GPU,2007,15000.00,549755814,72064000000,777.0,1126.0,256.0
Radeon HD 4200 IGP,Ati,GPU,2009,15000.00,274877907,12800000000,250.0,166.0,128.0
Radeon HD 4250 IGP,Ati,GPU,2010,2499.00,274877907,12800000000,166.0,166.0,128.0
Radeon HD 4250,Ati,GPU,2009,6999.00,549755814,6336000000,594.0,396.0,64.0
Radeon HD 4290 IGP,Ati,GPU,2010,6999.00,274877907,12800000000,166.0,166.0,128.0
Radeon HD 4350 AGP,Ati,GPU,2008,399.00,549755814,10400000000,600.0,650.0,64.0
Radeon HD 4350 PCI,Ati,GPU,2008,499.00,549755814,6400000000,600.0,400.0,64.0
Radeon HD 4350 PCIe x1,Ati,GPU,2008,35000.00,549755814,6400000000,600.0,400.0,64.0
Radeon HD 4350,Ati,GPU,2008,2499.00,549755814,6400000000,600.0,400.0,64.0
Radeon HD 4450,Ati,GPU,2011,1999.00,549755814,6400000000,600.0,400.0,64.0
Radeon HD 4520,Ati,GPU,2009,899.00,549755814,6400000000,600.0,400.0,64.0
Radeon HD 4550,Ati,GPU,2008,299.00,274877907,10480000000,600.0,655.0,64.0
Radeon HD 4570 Rebrand,Ati,GPU,2009,15000.00,1099511628,12672000000,796.0,396.0,128.0
Radeon HD 4570,Ati,GPU,2008,40000.00,1099511628,8000000000,650.0,500.0,64.0
Radeon HD 4580,Ati,GPU,2011,399.00,549755814,22176000000,796.0,693.0,128.0
Radeon HD 4650 AGP,Ati,GPU,2008,699.00,549755814,12800000000,600.0,400.0,128.0
Radeon HD 4650,Ati,GPU,2008,1999.00,274877907,22400000000,600.0,700.0,128.0
Radeon HD 4670 AGP,Ati,GPU,2009,25000.00,1099511628,25600000000,750.0,800.0,128.0
Radeon HD 4670 X2,Ati,GPU,2008,3499.00,549755814,22400000000,750.0,700.0,128.0
Radeon HD 4670,Ati,GPU,2008,299.00,549755814,32000000000,750.0,1000.0,128.0
Radeon HD 4700,Ati,GPU,2010,2499.00,549755814,12800000000,600.0,400.0,128.0
Radeon HD 4710,Ati,GPU,2008,30000.00,1099511628,25600000000,750.0,800.0,128.0
Radeon HD 4720,Ati,GPU,2011,15000.00,1099511628,21344000000,600.0,667.0,128.0
Radeon HD 4730 OEM,Ati,GPU,2008,12000.00,1099511628,25344000000,669.0,396.0,256.0
Radeon HD 4730,Ati,GPU,2009,25000.00,549755814,28800000000,750.0,900.0,128.0
Radeon HD 4750,Ati,GPU,2009,399.00,549755814,25600000000,730.0,800.0,128.0
Radeon HD 4770,Ati,GPU,2009,2499.00,549755814,25600000000,750.0,800.0,128.0
Radeon HD 4810,Ati,GPU,2009,25000.00,549755814,28800000000,625.0,900.0,128.0
Radeon HD 4830,Ati,GPU,2008,1499.00,549755814,57600000000,575.0,900.0,256.0
Radeon HD 4850 X2,Ati,GPU,2008,40000.00,549755814,63680000000,625.0,995.0,256.0
Radeon HD 4850,Ati,GPU,2008,4999.00,549755814,63552000000,625.0,993.0,256.0
Radeon HD 4855,Ati,GPU,2010,25000.00,549755814,57600000000,575.0,900.0,256.0
Radeon HD 4860,Ati,GPU,2009,2499.00,549755814,48000000000,700.0,750.0,256.0
Radeon HD 4870 Mac Edition,Ati,GPU,2009,40000.00,549755814,54400000000,750.0,850.0,256.0
Radeon HD 4870 X2,Ati,GPU,2008,3499.00,1099511628,57600000000,750.0,900.0,256.0
Radeon HD 4870,Ati,GPU,2008,12000.00,549755814,57600000000,750.0,900.0,256.0
Radeon HD 4890,Ati,GPU,2009,1199.00,1099511628,62400000000,850.0,975.0,256.0
Radeon HD 5450 PCI,Ati,GPU,2010,6999.00,549755814,5328000000,650.0,333.0,64.0
Radeon HD 5450 PCIe x1,Ati,GPU,2010,3499.00,549755814,8000000000,650.0,500.0,64.0
Radeon HD 5450,Ati,GPU,2010,40000.00,549755814,6400000000,650.0,400.0,64.0
Radeon HD 5470,Ati,GPU,2012,25000.00,549755814,6400000000,650.0,400.0,64.0
Radeon HD 5490,Ati,GPU,2012,30000.00,1099511628,8000000000,650.0,500.0,64.0
Radeon HD 5530,Ati,GPU,2011,30000.00,1099511628,9600000000,650.0,600.0,64.0
Radeon HD 5550,Ati,GPU,2010,3499.00,549755814,25600000000,550.0,800.0,128.0
Radeon HD 5570 OEM,Ati,GPU,2010,1199.00,1099511628,21344000000,550.0,667.0,128.0
Radeon HD 5570,Ati,GPU,2010,25000.00,1099511628,25600000000,650.0,800.0,128.0
Radeon HD 5570,Ati,GPU,2011,30000.00,1099511628,16000000000,650.0,500.0,128.0
Radeon HD 5630,Ati,GPU,2011,6999.00,1099511628,12480000000,650.0,390.0,128.0
Radeon HD 5670 640SP Edition,Ati,GPU,2010,12000.00,549755814,32000000000,750.0,1000.0,128.0
Radeon HD 5670,Ati,GPU,2010,15000.00,1099511628,32000000000,775.0,1000.0,128.0
Radeon HD 5690,Ati,GPU,2011,30000.00,1099511628,32000000000,775.0,1000.0,128.0
Radeon HD 5730,Ati,GPU,2011,1999.00,1099511628,32000000000,775.0,1000.0,128.0
Radeon HD 5750,Ati,GPU,2009,399.00,1099511628,36800000000,700.0,1150.0,128.0
Radeon HD 5770 Mac Edition,Ati,GPU,2010,25000.00,1099511628,38240000000,850.0,1195.0,128.0
Radeon HD 5770 X2,Ati,GPU,2010,499.00,1099511628,38400000000,850.0,1200.0,128.0
Radeon HD 5770,Ati,GPU,2009,499.00,1099511628,38400000000,850.0,1200.0,128.0
Radeon HD 5830,Ati,GPU,2010,15000.00,1099511628,64000000000,800.0,1000.0,256.0
Radeon HD 5850,Ati,GPU,2009,4999.00,1099511628,64000000000,725.0,1000.0,256.0
Radeon HD 5870 Eyefinity 6,Ati,GPU,2010,30000.00,2147483648,76800000000,850.0,1200.0,256.0
Radeon HD 5870 Mac Edition,Ati,GPU,2010,499.00,1099511628,76480000000,850.0,1195.0,256.0
Radeon HD 5870,Ati,GPU,2009,20000.00,1099511628,76800000000,850.0,1200.0,256.0
Radeon HD 5950,Ati,GPU,,399.00,1099511628,64000000000,725.0,1000.0,256.0
Radeon HD 5970,Ati,GPU,2009,12000.00,1099511628,64000000000,725.0,1000.0,256.0
Radeon HD 6230,AMD,GPU,2011,1199.00,549755814,10672000000,650.0,667.0,64.0
Radeon HD 6250 IGP,AMD,GPU,2010,399.00,2147483648,48000000000,166.0,166.0,128.0
Radeon HD 6250 IGP,AMD,GPU,2012,12000.00,2147483648,48000000000,250.0,166.0,128.0
Radeon HD 6250,AMD,GPU,2011,299.00,549755814,8000000000,650.0,500.0,64.0
Radeon HD 6290 IGP,AMD,GPU,2011,6999.00,2147483648,48000000000,200.0,166.0,128.0
Radeon HD 6290,AMD,GPU,2011,9999.00,1099511628,12800000000,650.0,800.0,64.0
Radeon HD 6310 IGP,AMD,GPU,2010,9999.00,2147483648,48000000000,166.0,166.0,128.0
Radeon HD 6320 IGP,AMD,GPU,2011,2499.00,2147483648,48000000000,175.0,166.0,128.0
Radeon HD 6330M,AMD,GPU,2010,499.00,1099511628,12800000000,500.0,800.0,64.0
Radeon HD 6350A,AMD,GPU,2011,4999.00,549755814,12800000000,650.0,800.0,64.0
Radeon HD 6350M,AMD,GPU,2010,35000.00,1099511628,12800000000,500.0,800.0,64.0
Radeon HD 6350,AMD,GPU,2011,6999.00,549755814,6400000000,650.0,400.0,64.0
Radeon HD 6370D IGP,AMD,GPU,2011,499.00,2147483648,48000000000,175.0,166.0,128.0
Radeon HD 6370M,AMD,GPU,2010,30000.00,1099511628,12800000000,750.0,800.0,64.0
Radeon HD 6380G IGP,AMD,GPU,2011,1499.00,2147483648,48000000000,175.0,166.0,128.0
Radeon HD 6390,AMD,GPU,2011,4999.00,1099511628,16000000000,550.0,500.0,128.0
Radeon HD 6410D IGP,AMD,GPU,2011,4999.00,2147483648,48000000000,166.0,166.0,128.0
Radeon HD 6430M,AMD,GPU,2011,9999.00,1099511628,12800000000,480.0,800.0,64.0
Radeon HD 6450 OEM,AMD,GPU,2011,25000.00,549755814,8528000000,625.0,533.0,64.0
Radeon HD 6450A,AMD,GPU,2011,499.00,549755814,8528000000,625.0,533.0,64.0
Radeon HD 6450M,AMD,GPU,2011,6999.00,1099511628,12800000000,600.0,800.0,64.0
Radeon HD 6450,AMD,GPU,2011,399.00,549755814,12800000000,625.0,800.0,64.0
Radeon HD 6470M,AMD,GPU,2011,25000.00,549755814,12800000000,700.0,800.0,64.0
Radeon HD 6480G IGP,AMD,GPU,2011,399.00,2147483648,48000000000,166.0,166.0,128.0
Radeon HD 6490M Mac Edition,AMD,GPU,2011,6999.00,274877907,12704000000,750.0,794.0,64.0
Radeon HD 6490M,AMD,GPU,2011,699.00,549755814,12800000000,800.0,800.0,64.0
Radeon HD 6490,AMD,GPU,2011,499.00,1099511628,16000000000,550.0,500.0,128.0
Radeon HD 6510,AMD,GPU,2011,6999.00,1099511628,16000000000,650.0,500.0,128.0
Radeon HD 6520G IGP,AMD,GPU,2011,1499.00,2147483648,48000000000,166.0,166.0,128.0
Radeon HD 6530D IGP,AMD,GPU,2011,4999.00,2147483648,48000000000,166.0,166.0,128.0
Radeon HD 6530M,AMD,GPU,2010,399.00,1099511628,28800000000,450.0,900.0,128.0
Radeon HD 6530,AMD,GPU,2011,699.00,1099511628,19200000000,650.0,600.0,128.0
Radeon HD 6550A,AMD,GPU,2011,299.00,2147483648,25600000000,550.0,800.0,128.0
Radeon HD 6550D IGP,AMD,GPU,2011,1199.00,2147483648,48000000000,166.0,166.0,128.0
Radeon HD 6550M,AMD,GPU,2010,30000.00,1099511628,28800000000,600.0,900.0,128.0
Radeon HD 6570 OEM,AMD,GPU,2011,9999.00,1099511628,28800000000,650.0,900.0,128.0
Radeon HD 6570M Mac Edition,AMD,GPU,2009,2499.00,1099511628,25600000000,600.0,800.0,128.0
Radeon HD 6570M,AMD,GPU,2010,2499.00,1099511628,28800000000,650.0,900.0,128.0
Radeon HD 6570M,AMD,GPU,2011,1199.00,1099511628,25600000000,600.0,800.0,128.0
Radeon HD 6570,AMD,GPU,2011,1999.00,2147483648,32000000000,650.0,1000.0,128.0
Radeon HD 6610M,AMD,GPU,2011,6999.00,1099511628,25600000000,450.0,800.0,128.0
Radeon HD 6610,AMD,GPU,2013,1199.00,1099511628,25600000000,650.0,800.0,128.0
Radeon HD 6620G IGP,AMD,GPU,2011,2499.00,2147483648,48000000000,166.0,166.0,128.0
Radeon HD 6625M,AMD,GPU,2011,699.00,1099511628,25600000000,450.0,800.0,128.0
Radeon HD 6630M Mac Edition,AMD,GPU,2011,20000.00,274877907,9600000000,500.0,600.0,64.0
Radeon HD 6630M,AMD,GPU,2011,15000.00,1099511628,25600000000,500.0,800.0,128.0
Radeon HD 6650A,AMD,GPU,2011,12000.00,1099511628,28800000000,600.0,900.0,128.0
Radeon HD 6650M,AMD,GPU,2011,699.00,1099511628,25600000000,600.0,800.0,128.0
Radeon HD 6670A,AMD,GPU,2011,12000.00,1099511628,32000000000,600.0,1000.0,128.0
Radeon HD 6670,AMD,GPU,2011,699.00,1099511628,32000000000,800.0,1000.0,128.0
Radeon HD 6730M,AMD,GPU,2011,399.00,1099511628,25600000000,725.0,800.0,128.0
Radeon HD 6750M Mac Edition,AMD,GPU,2011,499.00,549755814,25408000000,598.0,794.0,128.0
Radeon HD 6750M,AMD,GPU,2011,499.00,1099511628,25600000000,600.0,800.0,128.0
Radeon HD 6750,AMD,GPU,2011,6999.00,1099511628,36800000000,700.0,1150.0,128.0
Radeon HD 6770 Green Edition,AMD,GPU,2013,12000.00,2147483648,21344000000,700.0,667.0,128.0
Radeon HD 6770M Mac Edition,AMD,GPU,2011,3499.00,549755814,28800000000,725.0,900.0,128.0
Radeon HD 6770M,AMD,GPU,2011,15000.00,1099511628,28800000000,725.0,900.0,128.0
Radeon HD 6770,AMD,GPU,2011,3499.00,1099511628,38400000000,850.0,1200.0,128.0
Radeon HD 6790,AMD,GPU,2011,699.00,1099511628,67200000000,840.0,1050.0,256.0
Radeon HD 6830M,AMD,GPU,2011,25000.00,1099511628,25600000000,575.0,800.0,128.0
Radeon HD 6850 1440SP Edition,AMD,GPU,2012,499.00,1099511628,64000000000,725.0,1000.0,256.0
Radeon HD 6850 X2,AMD,GPU,2011,6999.00,2147483648,67200000000,800.0,1050.0,256.0
Radeon HD 6850M,AMD,GPU,2011,35000.00,1099511628,25600000000,675.0,800.0,128.0
Radeon HD 6850,AMD,GPU,2010,35000.00,1099511628,64000000000,775.0,1000.0,256.0
Radeon HD 6870 1600SP Edition,AMD,GPU,2013,1199.00,1099511628,67200000000,850.0,1050.0,256.0
Radeon HD 6870 X2,AMD,GPU,2011,40000.00,1099511628,67200000000,900.0,1050.0,256.0
Radeon HD 6870M,AMD,GPU,2011,9999.00,1099511628,32000000000,675.0,1000.0,128.0
Radeon HD 6870,AMD,GPU,2010,3499.00,1099511628,67200000000,900.0,1050.0,256.0
Radeon HD 6930,AMD,GPU,2011,30000.00,1099511628,76800000000,750.0,1200.0,256.0
Radeon HD 6950M,AMD,GPU,2011,15000.00,1099511628,57600000000,580.0,900.0,256.0
Radeon HD 6950,AMD,GPU,2010,499.00,2147483648,80000000000,800.0,1250.0,256.0
Radeon HD 6970 X2,AMD,GPU,,9999.00,2147483648,88000000000,880.0,1375.0,256.0
Radeon HD 6970M Mac Edition,AMD,GPU,2011,20000.00,2147483648,57600000000,680.0,900.0,256.0
Radeon HD 6970M Rebrand,AMD,GPU,2011,4999.00,1099511628,32000000000,800.0,1000.0,128.0
Radeon HD 6970M,AMD,GPU,2011,1199.00,1099511628,57600000000,680.0,900.0,256.0
Radeon HD 6970,AMD,GPU,2010,899.00,2147483648,88000000000,880.0,1375.0,256.0
Radeon HD 6990M Rebrand,AMD,GPU,2011,499.00,1099511628,35200000000,800.0,1100.0,128.0
Radeon HD 6990M,AMD,GPU,2011,2499.00,2147483648,57600000000,715.0,900.0,256.0
Radeon HD 6990,AMD,GPU,2011,4999.00,2147483648,80000000000,830.0,1250.0,256.0
Radeon HD 7290 IGP,AMD,GPU,2012,699.00,2147483648,48000000000,240.0,166.0,128.0
Radeon HD 7310 IGP,AMD,GPU,2012,20000.00,2147483648,48000000000,270.0,166.0,128.0
Radeon HD 7330M,AMD,GPU,2012,699.00,1099511628,12800000000,500.0,800.0,64.0
Radeon HD 7340 IGP,AMD,GPU,2012,299.00,2147483648,48000000000,220.0,166.0,128.0
Radeon HD 7350 OEM PCI,AMD,GPU,2012,2499.00,549755814,8000000000,650.0,500.0,64.0
Radeon HD 7350 OEM,AMD,GPU,2012,1999.00,549755814,12800000000,650.0,800.0,64.0
Radeon HD 7350M,AMD,GPU,2012,40000.00,1099511628,14400000000,500.0,900.0,64.0
Radeon HD 7370M,AMD,GPU,2012,20000.00,1099511628,12800000000,750.0,800.0,64.0
Radeon HD 7400G IGP,AMD,GPU,2012,35000.00,2147483648,48000000000,143.0,167.0,128.0
Radeon HD 7420G IGP,AMD,GPU,2012,1499.00,2147483648,48000000000,250.0,175.0,128.0
Radeon HD 7430M,AMD,GPU,2012,15000.00,1099511628,12800000000,600.0,800.0,64.0
Radeon HD 7450 OEM,AMD,GPU,2012,499.00,549755814,8528000000,625.0,533.0,64.0
Radeon HD 7450A,AMD,GPU,2012,699.00,549755814,12800000000,625.0,800.0,64.0
Radeon HD 7450M,AMD,GPU,2012,15000.00,1099511628,14400000000,700.0,900.0,64.0
Radeon HD 7470 OEM,AMD,GPU,2012,20000.00,1099511628,14400000000,750.0,900.0,64.0
Radeon HD 7470A,AMD,GPU,2012,6999.00,1099511628,12800000000,775.0,800.0,64.0
Radeon HD 7470M,AMD,GPU,2012,699.00,1099511628,14400000000,750.0,900.0,64.0
Radeon HD 7480D IGP,AMD,GPU,2012,499.00,2147483648,48000000000,187.0,180.0,128.0
Radeon HD 7490M,AMD,GPU,2012,25000.00,1099511628,15200000000,800.0,950.0,64.0
Radeon HD 7500G IGP,AMD,GPU,2012,30000.00,2147483648,48000000000,260.0,180.0,128.0
Radeon HD 7510 OEM,AMD,GPU,2013,699.00,1099511628,21344000000,650.0,667.0,128.0
Radeon HD 7510M,AMD,GPU,2012,499.00,1099511628,12800000000,450.0,800.0,64.0
Radeon HD 7520G IGP,AMD,GPU,2012,15000.00,2147483648,48000000000,260.0,180.0,128.0
Radeon HD 7530M,AMD,GPU,2012,1199.00,1099511628,14400000000,450.0,900.0,64.0
Radeon HD 7540D IGP,AMD,GPU,2012,399.00,2147483648,48000000000,143.0,181.0,128.0
Radeon HD 7550M,AMD,GPU,2012,899.00,1099511628,28800000000,500.0,900.0,128.0
Radeon HD 7560D IGP,AMD,GPU,2012,6999.00,2147483648,48000000000,230.0,183.0,128.0
Radeon HD 7560G IGP,AMD,GPU,2012,20000.00,2147483648,48000000000,230.0,183.0,128.0
Radeon HD 7570 OEM,AMD,GPU,2013,9999.00,1099511628,25600000000,650.0,800.0,128.0
Radeon HD 7570M,AMD,GPU,2012,499.00,1099511628,12800000000,500.0,800.0,64.0
Radeon HD 7570,AMD,GPU,2012,2499.00,1099511628,25600000000,650.0,800.0,128.0
Radeon HD 7590M,AMD,GPU,2012,25000.00,1099511628,12800000000,600.0,800.0,64.0
Radeon HD 7600G IGP,AMD,GPU,2012,9999.00,2147483648,48000000000,183.0,183.0,128.0
Radeon HD 7610M,AMD,GPU,2012,1499.00,1099511628,25600000000,450.0,800.0,128.0
Radeon HD 7620G IGP,AMD,GPU,2012,699.00,2147483648,48000000000,183.0,183.0,128.0
Radeon HD 7630M,AMD,GPU,2012,499.00,1099511628,25600000000,450.0,800.0,128.0
Radeon HD 7640G IGP,AMD,GPU,2012,499.00,2147483648,48000000000,183.0,183.0,128.0
Radeon HD 7650A,AMD,GPU,2012,40000.00,1099511628,28800000000,600.0,900.0,128.0
Radeon HD 7650M Rebrand,AMD,GPU,2012,30000.00,1099511628,25600000000,485.0,800.0,128.0
Radeon HD 7650M,AMD,GPU,2012,6999.00,1099511628,25600000000,450.0,800.0,128.0
Radeon HD 7660D IGP,AMD,GPU,2012,299.00,2147483648,48000000000,183.0,183.0,128.0
Radeon HD 7660G IGP,AMD,GPU,2012,3499.00,2147483648,48000000000,183.0,183.0,128.0
Radeon HD 7670 OEM,AMD,GPU,2012,399.00,549755814,32000000000,800.0,1000.0,128.0
Radeon HD 7670A,AMD,GPU,2012,12000.00,1099511628,32000000000,600.0,1000.0,128.0
Radeon HD 7670M Rebrand,AMD,GPU,2012,6999.00,1099511628,28800000000,600.0,900.0,128.0
Radeon HD 7670M,AMD,GPU,2012,35000.00,1099511628,28800000000,600.0,900.0,128.0
Radeon HD 7690M Rebrand,AMD,GPU,2012,1499.00,1099511628,25600000000,600.0,800.0,128.0
Radeon HD 7690M XT Rebrand,AMD,GPU,2012,9999.00,1099511628,25600000000,725.0,800.0,128.0
Radeon HD 7690M XT,AMD,GPU,2013,499.00,2147483648,28800000000,725.0,900.0,128.0
Radeon HD 7690M,AMD,GPU,2011,12000.00,1099511628,28800000000,725.0,900.0,128.0
Radeon HD 7720 OEM,AMD,GPU,2013,1199.00,1099511628,67200000000,840.0,1050.0,256.0
Radeon HD 7730M,AMD,GPU,2012,499.00,2147483648,28800000000,575.0,900.0,128.0
Radeon HD 7730,AMD,GPU,2013,2499.00,1099511628,36000000000,800.0,1125.0,128.0
Radeon HD 7750M,AMD,GPU,2012,15000.00,2147483648,32000000000,575.0,1000.0,128.0
Radeon HD 7750,AMD,GPU,2012,30000.00,1099511628,36000000000,800.0,1125.0,128.0
Radeon HD 7770 GHz Edition,AMD,GPU,2012,6999.00,1099511628,36000000000,1000.0,1125.0,128.0
Radeon HD 7770M,AMD,GPU,2012,25000.00,1099511628,32000000000,675.0,1000.0,128.0
Radeon HD 7790,AMD,GPU,2013,1999.00,1099511628,48000000000,1000.0,1500.0,128.0
Radeon HD 7850M,AMD,GPU,2012,699.00,2147483648,32000000000,675.0,1000.0,128.0
Radeon HD 7850,AMD,GPU,2012,3499.00,2147483648,76800000000,860.0,1200.0,256.0
Radeon HD 7870 GHz Edition,AMD,GPU,2012,1199.00,2147483648,76800000000,1000.0,1200.0,256.0
Radeon HD 7870 XT,AMD,GPU,2012,399.00,2147483648,96000000000,925.0,1500.0,256.0
Radeon HD 7870M,AMD,GPU,2012,12000.00,2147483648,32000000000,800.0,1000.0,128.0
Radeon HD 7950 Boost,AMD,GPU,2012,15000.00,3221225472,120000000000,850.0,1250.0,384.0
Radeon HD 7950 Mac Edition,AMD,GPU,2013,899.00,3221225472,120000000000,800.0,1250.0,384.0
Radeon HD 7950 Monica BIOS 1,AMD,GPU,2012,899.00,3221225472,120000000000,925.0,1250.0,384.0
Radeon HD 7950 Monica BIOS 2,AMD,GPU,2012,12000.00,3221225472,120000000000,800.0,1250.0,384.0
Radeon HD 7950M,AMD,GPU,2012,399.00,2147483648,64000000000,700.0,1000.0,256.0
Radeon HD 7950,AMD,GPU,2012,9999.00,3221225472,120000000000,800.0,1250.0,384.0
Radeon HD 7970 GHz Edition,AMD,GPU,2012,499.00,3221225472,144000000000,1000.0,1500.0,384.0
Radeon HD 7970 X2,AMD,GPU,2012,25000.00,3221225472,132000000000,925.0,1375.0,384.0
Radeon HD 7970M,AMD,GPU,2012,1999.00,2147483648,76800000000,850.0,1200.0,256.0
Radeon HD 7970,AMD,GPU,2011,499.00,3221225472,132000000000,925.0,1375.0,384.0
Radeon HD 7990,AMD,GPU,2013,299.00,3221225472,144000000000,950.0,1500.0,384.0
Radeon HD 8180 IGP,AMD,GPU,2013,1499.00,2147483648,48000000000,200.0,200.0,128.0
Radeon HD 8210 IGP,AMD,GPU,2014,1999.00,2147483648,48000000000,200.0,200.0,128.0
Radeon HD 8210E,AMD,GPU,2013,9999.00,2147483648,48000000000,200.0,200.0,128.0
Radeon HD 8240 Mobile IGP,AMD,GPU,2013,9999.00,2147483648,48000000000,250.0,200.0,128.0
Radeon HD 8250 IGP,AMD,GPU,2013,6999.00,2147483648,48000000000,240.0,200.0,128.0
Radeon HD 8280 IGP,AMD,GPU,2013,899.00,2147483648,48000000000,240.0,200.0,128.0
Radeon HD 8280 Mobile IGP,AMD,GPU,2013,299.00,2147483648,48000000000,240.0,200.0,128.0
Radeon HD 8280E,AMD,GPU,2013,12000.00,2147483648,48000000000,250.0,200.0,128.0
Radeon HD 8310G IGP,AMD,GPU,2013,30000.00,2147483648,48000000000,200.0,200.0,128.0
Radeon HD 8330 Mobile IGP,AMD,GPU,2013,4999.00,2147483648,48000000000,200.0,200.0,128.0
Radeon HD 8330E,AMD,GPU,2013,499.00,2147483648,48000000000,200.0,200.0,128.0
Radeon HD 8350 OEM,AMD,GPU,2013,4999.00,1099511628,10672000000,650.0,667.0,64.0
Radeon HD 8350G IGP,AMD,GPU,2013,30000.00,2147483648,48000000000,250.0,200.0,128.0
Radeon HD 8370D IGP,AMD,GPU,2013,6999.00,2147483648,48000000000,250.0,200.0,128.0
Radeon HD 8400 IGP,AMD,GPU,2013,1499.00,2147483648,48000000000,325.0,200.0,128.0
Radeon HD 8400 Mobile IGP,AMD,GPU,2013,399.00,2147483648,48000000000,425.0,200.0,128.0
Radeon HD 8400E,AMD,GPU,2013,499.00,2147483648,48000000000,250.0,200.0,128.0
Radeon HD 8410G IGP,AMD,GPU,2013,899.00,2147483648,48000000000,300.0,200.0,128.0
Radeon HD 8450 OEM,AMD,GPU,2013,4999.00,1099511628,10672000000,625.0,667.0,64.0
Radeon HD 8450G IGP,AMD,GPU,2013,1999.00,2147483648,48000000000,250.0,200.0,128.0
Radeon HD 8470 OEM,AMD,GPU,2013,1199.00,1099511628,12800000000,775.0,800.0,64.0
Radeon HD 8470D IGP,AMD,GPU,2013,30000.00,2147483648,48000000000,250.0,200.0,128.0
Radeon HD 8490 OEM,AMD,GPU,2013,499.00,1099511628,14400000000,875.0,900.0,64.0
Radeon HD 8510 OEM,AMD,GPU,2013,1199.00,1099511628,25600000000,650.0,800.0,128.0
Radeon HD 8510G IGP,AMD,GPU,2013,25000.00,2147483648,48000000000,240.0,200.0,128.0
Radeon HD 8530M,AMD,GPU,2014,4999.00,1099511628,14400000000,650.0,900.0,64.0
Radeon HD 8550 OEM,AMD,GPU,2013,899.00,1099511628,25600000000,650.0,800.0,128.0
Radeon HD 8550D IGP,AMD,GPU,2013,3499.00,2147483648,48000000000,240.0,200.0,128.0
Radeon HD 8550G IGP,AMD,GPU,2013,25000.00,2147483648,48000000000,325.0,200.0,128.0
Radeon HD 8550M,AMD,GPU,2014,30000.00,1099511628,14400000000,650.0,900.0,64.0
Radeon HD 8570 OEM Rebrand,AMD,GPU,2013,25000.00,1099511628,25600000000,650.0,800.0,128.0
Radeon HD 8570 OEM,AMD,GPU,2013,899.00,2147483648,28800000000,730.0,900.0,128.0
Radeon HD 8570A,AMD,GPU,2013,40000.00,1099511628,16000000000,750.0,1000.0,64.0
Radeon HD 8570D IGP,AMD,GPU,2013,699.00,2147483648,48000000000,250.0,200.0,128.0
Radeon HD 8570M,AMD,GPU,2013,899.00,1099511628,16000000000,750.0,1000.0,64.0
Radeon HD 8590M,AMD,GPU,2013,299.00,1099511628,18000000000,750.0,1125.0,64.0
Radeon HD 8610G IGP,AMD,GPU,2013,30000.00,2147483648,48000000000,250.0,200.0,128.0
Radeon HD 8650D IGP,AMD,GPU,2013,2499.00,2147483648,48000000000,250.0,200.0,128.0
Radeon HD 8650G IGP,AMD,GPU,2013,699.00,2147483648,48000000000,240.0,200.0,128.0
Radeon HD 8670 OEM,AMD,GPU,2013,20000.00,2147483648,36800000000,1000.0,1150.0,128.0
Radeon HD 8670A,AMD,GPU,2013,30000.00,1099511628,16000000000,600.0,1000.0,64.0
Radeon HD 8670D IGP,AMD,GPU,2013,299.00,2147483648,48000000000,280.0,200.0,128.0
Radeon HD 8670M,AMD,GPU,2013,25000.00,1099511628,14400000000,775.0,900.0,64.0
Radeon HD 8690M,AMD,GPU,2013,1499.00,1099511628,16000000000,775.0,1000.0,64.0
Radeon HD 8730 OEM,AMD,GPU,2013,2499.00,1099511628,36000000000,800.0,1125.0,128.0
Radeon HD 8730A,AMD,GPU,2013,15000.00,1099511628,32000000000,650.0,1000.0,128.0
Radeon HD 8730M,AMD,GPU,2013,9999.00,2147483648,28800000000,650.0,900.0,128.0
Radeon HD 8740 OEM,AMD,GPU,2013,699.00,1099511628,36000000000,800.0,1125.0,128.0
Radeon HD 8750A,AMD,GPU,2013,6999.00,1099511628,16000000000,600.0,1000.0,64.0
Radeon HD 8750M,AMD,GPU,2013,25000.00,1099511628,32000000000,620.0,1000.0,128.0
Radeon HD 8760 OEM,AMD,GPU,2013,1499.00,2147483648,36000000000,1000.0,1125.0,128.0
Radeon HD 8770 OEM,AMD,GPU,2013,1999.00,1099511628,48000000000,1050.0,1500.0,128.0
Radeon HD 8770M,AMD,GPU,2013,15000.00,2147483648,36000000000,775.0,1125.0,128.0
Radeon HD 8790M,AMD,GPU,2013,25000.00,2147483648,32000000000,850.0,1000.0,128.0
Radeon HD 8830M,AMD,GPU,2013,899.00,2147483648,32000000000,575.0,1000.0,128.0
Radeon HD 8850M,AMD,GPU,2013,399.00,2147483648,32000000000,575.0,1000.0,128.0
Radeon HD 8860 OEM,AMD,GPU,2013,30000.00,2147483648,89600000000,925.0,1400.0,256.0
Radeon HD 8870 OEM,AMD,GPU,2013,12000.00,2147483648,76800000000,1000.0,1200.0,256.0
Radeon HD 8870M,AMD,GPU,2013,699.00,2147483648,36000000000,725.0,1125.0,128.0
Radeon HD 8950 OEM,AMD,GPU,2013,2499.00,3221225472,120000000000,850.0,1250.0,384.0
Radeon HD 8950M,AMD,GPU,2013,1999.00,2147483648,44000000000,1075.0,1375.0,128.0
Radeon HD 8970 OEM,AMD,GPU,2013,40000.00,3221225472,132000000000,925.0,1375.0,384.0
Radeon HD 8970M,AMD,GPU,2013,499.00,4294967296,76800000000,850.0,1200.0,256.0
Radeon HD 8990 OEM,AMD,GPU,2013,1199.00,3221225472,144000000000,950.0,1500.0,384.0
HD Graphics 2000,Intel,GPU,2011,3499.00,8589934592,70976000000,125.0,166.0,224.0
HD Graphics 3000,Intel,GPU,2011,1499.00,8589934592,70976000000,166.0,166.0,224.0
HD Graphics 4000,Intel,GPU,2012,1499.00,8589934592,70976000000,250.0,166.0,224.0
HD Graphics 400,Intel,GPU,2015,399.00,8589934592,70976000000,270.0,200.0,224.0
HD Graphics 405,Intel,GPU,2015,299.00,8589934592,70976000000,250.0,200.0,224.0
HD Graphics 4200,Intel,GPU,2013,4999.00,8589934592,70976000000,200.0,183.0,224.0
HD Graphics 4400,Intel,GPU,2013,299.00,8589934592,70976000000,324.0,189.0,224.0
HD Graphics 4600,Intel,GPU,2013,20000.00,8589934592,70976000000,230.0,190.0,224.0
HD Graphics 5000,Intel,GPU,2013,299.00,8589934592,70976000000,391.0,196.0,224.0
HD Graphics 500,Intel,GPU,2015,12000.00,8589934592,70976000000,250.0,200.0,224.0
HD Graphics 505,Intel,GPU,2016,12000.00,8589934592,70976000000,200.0,230.0,224.0
HD Graphics 510,Intel,GPU,2015,9999.00,8589934592,70976000000,333.0,200.0,224.0
HD Graphics 515,Intel,GPU,2015,35000.00,8589934592,70976000000,375.0,200.0,224.0
HD Graphics 520,Intel,GPU,2015,3499.00,8589934592,70976000000,325.0,200.0,224.0
HD Graphics 5300,Intel,GPU,2014,15000.00,8589934592,70976000000,200.0,200.0,224.0
HD Graphics 530,Intel,GPU,2015,2499.00,8589934592,70976000000,300.0,200.0,224.0
HD Graphics 5500,Intel,GPU,2014,2499.00,8589934592,70976000000,200.0,200.0,224.0
HD Graphics 5600,Intel,GPU,2014,4999.00,8589934592,70976000000,200.0,200.0,224.0
HD Graphics 6000,Intel,GPU,2014,9999.00,8589934592,70976000000,150.0,200.0,224.0
HD Graphics 610,Intel,GPU,2016,30000.00,8589934592,70976000000,270.0,240.0,224.0
HD Graphics 615,Intel,GPU,2016,4999.00,8589934592,70976000000,250.0,243.0,224.0
HD Graphics 620,Intel,GPU,2016,1199.00,8589934592,70976000000,243.0,243.0,224.0
HD Graphics 630,Intel,GPU,2016,20000.00,8589934592,70976000000,275.0,250.0,224.0
HD Graphics P3000,Intel,GPU,2011,1199.00,8589934592,70976000000,143.0,166.0,224.0
HD Graphics P4000,Intel,GPU,2012,499.00,8589934592,70976000000,250.0,166.0,224.0
HD Graphics P4600,Intel,GPU,2013,299.00,8589934592,70976000000,324.0,196.0,224.0
HD Graphics P4700,Intel,GPU,2013,9999.00,8589934592,70976000000,324.0,196.0,224.0
HD Graphics P530,Intel,GPU,2015,699.00,8589934592,70976000000,225.0,200.0,224.0
HD Graphics P5700,Intel,GPU,2014,1499.00,8589934592,70976000000,200.0,200.0,224.0
HD Graphics P630,Intel,GPU,2016,20000.00,8589934592,70976000000,350.0,250.0,224.0
HD Graphics,Intel,GPU,2010,2499.00,8589934592,70976000000,250.0,166.0,224.0
HD Graphics,Intel,GPU,2011,1199.00,8589934592,70976000000,125.0,166.0,224.0
HD Graphics,Intel,GPU,2012,1199.00,8589934592,70976000000,250.0,166.0,224.0
HD Graphics,Intel,GPU,2013,30000.00,8589934592,70976000000,200.0,183.0,224.0
HD Graphics,Intel,GPU,2015,30000.00,8589934592,70976000000,250.0,200.0,224.0
Huawei Ascend 310,Huawei,GPU,2018,35000.00,32000000000,51200000000,,1800.0,
Huawei Ascend 800T A2,Huawei,GPU,,15000.00,32000000000,1288000000000,,1800.0,
Huawei Ascend 910 (320 TFLOPS),Huawei,GPU,2019,299.00,32000000000,1288000000000,,1800.0,
Huawei Ascend 910A Premium,Huawei,GPU,2019,30000.00,32000000000,1288000000000,,1800.0,
Huawei Ascend 910A Pro,Huawei,GPU,2019,9999.00,32000000000,1288000000000,,1800.0,
Huawei Ascend 910A,Huawei,GPU,2019,25000.00,32000000000,1288000000000,,1800.0,
Huawei Ascend 910B Pro,Huawei,GPU,,6999.00,32000000000,1228000000000,,1150.0,
Huawei Ascend 910B1 (v1),Huawei,GPU,,25000.00,64000000000,1600000000000,,1850.0,
Huawei Ascend 910B1 (v2),Huawei,GPU,,20000.00,64000000000,1600000000000,,1850.0,
Huawei Ascend 910B2,Huawei,GPU,,9999.00,64000000000,1600000000000,,1800.0,
Huawei Ascend 910B3,Huawei,GPU,,40000.00,64000000000,1600000000000,,1800.0,
Huawei Ascend 910B4,Huawei,GPU,,399.00,32000000000,800000000000,,1650.0,
Huawei Ascend 910B,Huawei,GPU,2022,35000.00,32000000000,1228000000000,,900.0,
Huawei Ascend 910C,Huawei,GPU,2024,1199.00,128000000000,3200000000000,,1800.0,
Huawei Ascend 910,Huawei,GPU,2019,3499.00,32000000000,1288000000000,,1800.0,
i740 8 MB,Intel,GPU,1998,15000.00,8589935,1600000000,66.0,100.0,64.0
i740 Graphics,Intel,GPU,1998,1499.00,8589934592,70976000000,10.0,5.0,224.0
i740,Intel,GPU,1998,499.00,4294967,1600000000,66.0,100.0,64.0
i752 Graphics,Intel,GPU,1998,12000.00,8589934592,70976000000,10.0,5.0,224.0
i752,Intel,GPU,1999,3499.00,17179869,2128000000,100.0,133.0,64.0
i810 Graphics,Intel,GPU,1999,399.00,8589934592,70976000000,10.0,5.0,224.0
i815 Graphics,Intel,GPU,2000,1999.00,8589934592,70976000000,10.0,8.0,224.0
i830M Graphics,Intel,GPU,2001,299.00,8589934592,70976000000,10.0,10.0,224.0
i830MG Graphics,Intel,GPU,2002,25000.00,8589934592,70976000000,10.0,10.0,224.0
i852GM Graphics,Intel,GPU,2003,1499.00,8589934592,70976000000,53.0,33.0,224.0
Radeon IGP 320M,Ati,GPU,2002,9999.00,274877907,12800000000,10.0,10.0,128.0
Radeon IGP 320,Ati,GPU,2002,15000.00,274877907,12800000000,10.0,10.0,128.0
Radeon IGP 330M,Ati,GPU,2002,699.00,274877907,12800000000,10.0,10.0,128.0
Radeon IGP 340M,Ati,GPU,2002,499.00,274877907,12800000000,10.0,10.0,128.0
Radeon IGP 340,Ati,GPU,2002,12000.00,274877907,12800000000,10.0,10.0,128.0
Radeon IGP 345M,Ati,GPU,2002,899.00,274877907,12800000000,10.0,10.0,128.0
Radeon IGP 350M,Ati,GPU,2002,1999.00,274877907,12800000000,10.0,10.0,128.0
Radeon Instinct MI100,AMD,GPU,2020,6999.00,34359738368,1228800000000,1000.0,1200.0,4096.0
Radeon Instinct MI210,AMD,GPU,2021,15000.00,68719476736,1638400000000,1000.0,1600.0,4096.0
Radeon Instinct MI250X,AMD,GPU,2021,6999.00,137438953472,3276800000000,1000.0,1600.0,8192.0
Radeon Instinct MI250,AMD,GPU,2021,30000.00,137438953472,3276800000000,1000.0,1600.0,8192.0
Radeon Instinct MI25,AMD,GPU,2017,15000.00,17179869184,436224000000,1400.0,852.0,2048.0
Radeon Instinct MI300X,AMD,GPU,2023,2499.00,206158430208,2689024000000,1665.0,1313.0,8192.0
Radeon Instinct MI300,AMD,GPU,2023,40000.00,137438953472,3276800000000,900.0,1600.0,8192.0
Radeon Instinct MI325X,AMD,GPU,2024,35000.00,309237645312,2689024000000,1665.0,1313.0,8192.0
Radeon Instinct MI50,AMD,GPU,2018,12000.00,17179869184,1024000000000,1200.0,1000.0,4096.0
Radeon Instinct MI60,AMD,GPU,2018,499.00,34359738368,1024000000000,1200.0,1000.0,4096.0
Radeon Instinct MI6,AMD,GPU,2016,299.00,8589934592,112000000000,1120.0,1750.0,256.0
Radeon Instinct MI8,AMD,GPU,2016,40000.00,4294967296,512000000000,1000.0,500.0,4096.0
Intel Data Center GPU Max 1100,Intel,GPU,2023,399.00,48000000000,1230000000000,1000.0,600.0,8192.0
Intel Data Center GPU Max 1350,Intel,GPU,2023,899.00,96000000000,2460000000000,750.0,1200.0,8192.0
Intel Data Center GPU Max 1550,Intel,GPU,2023,1199.00,128000000000,3280000000000,900.0,1600.0,8192.0
ION 2,NVIDIA,GPU,2008,699.00,2147483648,40096000000,175.0,166.0,128.0
ION HX,NVIDIA,GPU,2008,2499.00,2147483648,40096000000,125.0,166.0,128.0
ION LE,NVIDIA,GPU,2008,6999.00,2147483648,40096000000,125.0,166.0,128.0
ION,NVIDIA,GPU,2008,4999.00,2147483648,40096000000,143.0,166.0,128.0
Iris Graphics 5100,Intel,GPU,2013,15000.00,8589934592,70976000000,324.0,196.0,224.0
Iris Graphics 540,Intel,GPU,2015,299.00,8589934592,70976000000,250.0,200.0,224.0
Iris Graphics 550,Intel,GPU,2015,2499.00,8589934592,70976000000,300.0,200.0,224.0
Iris Graphics 6100,Intel,GPU,2014,30000.00,8589934592,70976000000,200.0,200.0,224.0
Iris Plus Graphics 640,Intel,GPU,2017,40000.00,8589934592,70976000000,350.0,250.0,224.0
Iris Plus Graphics 645,Intel,GPU,2019,35000.00,8589934592,70976000000,400.0,250.0,224.0
Iris Plus Graphics 650,Intel,GPU,2017,9999.00,8589934592,70976000000,325.0,250.0,224.0
Iris Plus Graphics 655,Intel,GPU,2018,2499.00,8589934592,70976000000,275.0,250.0,224.0
Iris Plus Graphics G4,Intel,GPU,2019,40000.00,8589934592,70976000000,400.0,250.0,224.0
Iris Plus Graphics G7,Intel,GPU,2020,299.00,8589934592,70976000000,350.0,266.0,224.0
Iris Pro Graphics 5200,Intel,GPU,2013,30000.00,8589934592,70976000000,200.0,200.0,224.0
Iris Pro Graphics 580,Intel,GPU,2015,399.00,8589934592,70976000000,324.0,203.0,224.0
Iris Pro Graphics 6200,Intel,GPU,2014,899.00,8589934592,70976000000,175.0,200.0,224.0
Iris Pro Graphics P555,Intel,GPU,2015,9999.00,8589934592,70976000000,250.0,203.0,224.0
Iris Pro Graphics P580,Intel,GPU,2015,40000.00,8589934592,70976000000,250.0,207.0,224.0
Iris Pro Graphics P6300,Intel,GPU,2014,6999.00,8589934592,70976000000,280.0,200.0,224.0
Iris Xe Graphics 80EU Mobile,Intel,GPU,2022,699.00,8589934592,70976000000,276.0,276.0,224.0
Iris Xe Graphics 80EU Mobile,Intel,GPU,2023,30000.00,8589934592,70976000000,325.0,300.0,224.0
Iris Xe Graphics 80EU,Intel,GPU,2022,20000.00,8589934592,70976000000,300.0,250.0,224.0
Iris Xe Graphics 96EU Mobile,Intel,GPU,2022,4999.00,8589934592,70976000000,324.0,276.0,224.0
Iris Xe Graphics 96EU Mobile,Intel,GPU,2023,399.00,8589934592,70976000000,400.0,300.0,224.0
Iris Xe Graphics 96EU,Intel,GPU,2022,899.00,8589934592,70976000000,300.0,250.0,224.0
Iris Xe Graphics G4,Intel,GPU,2020,3499.00,8589934592,70976000000,450.0,266.0,224.0
Iris Xe Graphics G7 80EU,Intel,GPU,2020,3499.00,8589934592,70976000000,450.0,266.0,224.0
Iris Xe Graphics G7 96EU,Intel,GPU,2020,9999.00,8589934592,70976000000,450.0,266.0,224.0
Iris Xe MAX Graphics,Intel,GPU,2020,30000.00,4294967296,68256000000,300.0,2133.0,128.0
Jetson AGX Orin 32 GB,NVIDIA,GPU,2023,40000.00,34359738368,76800000000,900.0,1200.0,256.0
Jetson AGX Orin 64 GB,NVIDIA,GPU,2023,299.00,68719476736,96000000000,780.0,1500.0,256.0
Jetson AGX Xavier GPU,NVIDIA,GPU,2018,40000.00,2147483648,40096000000,250.0,250.0,128.0
Jetson Nano GPU,NVIDIA,GPU,2019,1499.00,2147483648,40096000000,400.0,250.0,128.0
Jetson Orin Nano 4 GB,NVIDIA,GPU,2023,35000.00,4294967296,36000000000,1155.0,2250.0,64.0
Jetson Orin Nano 8 GB,NVIDIA,GPU,2023,1999.00,8589934592,64000000000,1650.0,2000.0,128.0
Jetson Orin NX 16 GB,NVIDIA,GPU,2023,299.00,17179869184,64000000000,1950.0,2000.0,128.0
Jetson Orin NX 8 GB,NVIDIA,GPU,2023,12000.00,8589934592,56000000000,1350.0,1750.0,128.0
Jetson TK1 GPU,NVIDIA,GPU,2014,30000.00,2147483648,40096000000,233.0,200.0,128.0
Jetson TX1 GPU,NVIDIA,GPU,2015,9999.00,2147483648,40096000000,220.0,220.0,128.0
Jetson TX2 GPU,NVIDIA,GPU,2016,1499.00,2147483648,40096000000,250.0,250.0,128.0
Jetson Xavier NX GPU,NVIDIA,GPU,2020,30000.00,2147483648,40096000000,452.0,266.0,128.0
L20,NVIDIA,GPU,2023,499.00,51539607552,216000000000,1290.0,2250.0,384.0
L40 CNX,NVIDIA,GPU,2022,35000.00,25769803776,144000000000,585.0,1500.0,384.0
L40G,NVIDIA,GPU,2022,1999.00,25769803776,150048000000,795.0,1563.0,384.0
L40S,NVIDIA,GPU,2022,499.00,51539607552,168000000000,585.0,1750.0,384.0
L40,NVIDIA,GPU,2022,1199.00,51539607552,192000000000,1050.0,2000.0,384.0
L4,NVIDIA,GPU,2023,40000.00,25769803776,42048000000,1230.0,876.0,192.0
Radeon LE,Ati,GPU,2001,3499.00,34359738,4736000000,148.0,148.0,128.0
M9125 PCIe x16,Matrox,GPU,2004,499.00,549755814,4800000000,250.0,300.0,64.0
Maia 100 (M100),Microsoft,GPU,2024,35000.00,,,,,
Marvel G200,Matrox,GPU,1998,299.00,8589935,1792000000,84.0,112.0,64.0
Marvel G400-TV,Matrox,GPU,1999,12000.00,17179869,5312000000,125.0,166.0,128.0
MetaX MXN100,Metax,GPU,2023,3499.00,,,,,
Millenium P650,Matrox,GPU,2002,1199.00,137438953,8832000000,276.0,276.0,128.0
Millenium P750,Matrox,GPU,2002,15000.00,137438953,8000000000,250.0,250.0,128.0
Millennium G200 SD,Matrox,GPU,1998,499.00,8589935,1792000000,84.0,112.0,64.0
Millennium G200A,Matrox,GPU,1999,12000.00,8589935,1792000000,84.0,112.0,64.0
Millennium G200,Matrox,GPU,1998,40000.00,8589935,2288000000,84.0,143.0,64.0
Millennium G250,Matrox,GPU,1999,399.00,8589935,2048000000,96.0,128.0,64.0
Millennium G400 MAX,Matrox,GPU,1999,899.00,34359738,6400000000,150.0,200.0,128.0
Millennium G400,Matrox,GPU,1999,25000.00,34359738,5312000000,125.0,166.0,128.0
Millennium G450 LP,Matrox,GPU,2000,3499.00,34359738,2656000000,125.0,166.0,64.0
Millennium G450 x2 MMS,Matrox,GPU,2002,699.00,34359738,2656000000,125.0,166.0,64.0
Millennium G450 x4 MMS,Matrox,GPU,2002,299.00,34359738,2656000000,125.0,166.0,64.0
Millennium G450,Matrox,GPU,2000,699.00,34359738,2656000000,125.0,166.0,64.0
Millennium G550,Matrox,GPU,2001,1999.00,34359738,2656000000,125.0,166.0,64.0
Mobility Radeon 7000 IGP,Ati,GPU,2003,20000.00,274877907,12800000000,53.0,33.0,128.0
Mobility Radeon 7000,Ati,GPU,2004,899.00,17179869,1112000000,144.0,139.0,32.0
Mobility Radeon 7500C,Ati,GPU,2001,399.00,17179869,2928000000,230.0,183.0,64.0
Mobility Radeon 7500,Ati,GPU,2001,20000.00,34359738,3200000000,280.0,200.0,64.0
Mobility Radeon 9000 IGP,Ati,GPU,2003,3499.00,274877907,12800000000,40.0,40.0,128.0
Mobility Radeon 9000,Ati,GPU,2002,1499.00,68719477,3200000000,240.0,200.0,64.0
Mobility Radeon 9100 IGP,Ati,GPU,2003,30000.00,274877907,12800000000,40.0,40.0,128.0
Mobility Radeon 9100 PRO IGP,Ati,GPU,2003,699.00,274877907,12800000000,40.0,40.0,128.0
Mobility Radeon 9200,Ati,GPU,2003,399.00,34359738,3200000000,250.0,200.0,64.0
Mobility Radeon 9500,Ati,GPU,2004,25000.00,137438953,3040000000,230.0,190.0,64.0
Mobility Radeon 9550,Ati,GPU,2004,699.00,68719477,3888000000,250.0,243.0,64.0
Mobility Radeon 9600 PRO Turbo,Ati,GPU,2004,35000.00,137438953,7776000000,337.0,243.0,128.0
Mobility Radeon 9600 PRO,Ati,GPU,2004,25000.00,137438953,6400000000,333.0,200.0,128.0
Mobility Radeon 9600,Ati,GPU,2004,9999.00,137438953,3200000000,300.0,200.0,64.0
Mobility Radeon 9700 SE,Ati,GPU,2004,499.00,137438953,3200000000,250.0,200.0,64.0
Mobility Radeon 9700,Ati,GPU,2004,299.00,68719477,8800000000,450.0,275.0,128.0
Mobility Radeon 9800,Ati,GPU,2004,4999.00,274877907,19200000000,350.0,300.0,256.0
Mobility FireGL 7800,Ati,GPU,2001,4999.00,68719477,6400000000,280.0,200.0,128.0
Mobility FireGL 9000,Ati,GPU,2002,6999.00,68719477,6400000000,250.0,200.0,128.0
Mobility FireGL T2e,Ati,GPU,2004,499.00,137438953,7200000000,450.0,225.0,128.0
Mobility FireGL T2,Ati,GPU,2003,1199.00,137438953,6400000000,320.0,200.0,128.0
Mobility FireGL V3100,Ati,GPU,2004,6999.00,137438953,6400000000,350.0,200.0,128.0
Mobility FireGL V3200,Ati,GPU,2004,299.00,137438953,8000000000,400.0,250.0,128.0
Mobility FireGL V5000,Ati,GPU,2005,499.00,137438953,13600000000,350.0,425.0,128.0
Mobility FireGL V5200,Ati,GPU,2006,12000.00,274877907,15200000000,425.0,475.0,128.0
Mobility FireGL V5250,Ati,GPU,2007,15000.00,274877907,11200000000,450.0,350.0,128.0
Mobility FireGL V5600,Ati,GPU,2007,20000.00,274877907,12800000000,500.0,400.0,128.0
Mobility FireGL V5700,Ati,GPU,2008,699.00,549755814,22400000000,600.0,700.0,128.0
Mobility FireGL V5725,Ati,GPU,2009,1999.00,274877907,25600000000,680.0,800.0,128.0
Mobility Radeon HD 2300,Ati,GPU,2007,25000.00,137438953,12800000000,480.0,400.0,128.0
Mobility Radeon HD 2400 XT Mac Edition,Ati,GPU,2007,20000.00,137438953,12800000000,650.0,800.0,64.0
Mobility Radeon HD 2400 XT,Ati,GPU,2007,1499.00,274877907,6400000000,600.0,400.0,64.0
Mobility Radeon HD 2400,Ati,GPU,2007,15000.00,274877907,6400000000,450.0,400.0,64.0
Mobility Radeon HD 2600 XT Mac Edition,Ati,GPU,2007,3499.00,274877907,21920000000,600.0,685.0,128.0
Mobility Radeon HD 2600 XT,Ati,GPU,2007,699.00,274877907,24000000000,680.0,750.0,128.0
Mobility Radeon HD 2600,Ati,GPU,2007,9999.00,274877907,12800000000,500.0,400.0,128.0
Mobility Radeon HD 2700,Ati,GPU,2007,1999.00,274877907,22400000000,700.0,700.0,128.0
Mobility Radeon HD 3410,Ati,GPU,2008,3499.00,274877907,6400000000,400.0,400.0,64.0
Mobility Radeon HD 3430,Ati,GPU,2008,20000.00,274877907,6400000000,450.0,400.0,64.0
Mobility Radeon HD 3450,Ati,GPU,2008,40000.00,274877907,6400000000,500.0,400.0,64.0
Mobility Radeon HD 3470,Ati,GPU,2008,699.00,274877907,6400000000,680.0,400.0,64.0
Mobility Radeon HD 3650,Ati,GPU,2008,9999.00,549755814,22400000000,500.0,700.0,128.0
Mobility Radeon HD 3670,Ati,GPU,2008,499.00,274877907,25600000000,680.0,800.0,128.0
Mobility Radeon HD 3850 X2,Ati,GPU,2008,3499.00,549755814,48000000000,580.0,750.0,256.0
Mobility Radeon HD 3850,Ati,GPU,2008,399.00,549755814,48000000000,580.0,750.0,256.0
Mobility Radeon HD 3870 X2,Ati,GPU,2008,1999.00,549755814,54400000000,660.0,850.0,256.0
Mobility Radeon HD 3870,Ati,GPU,2008,1199.00,549755814,54400000000,660.0,850.0,256.0
Mobility Radeon HD 4100 IGP,Ati,GPU,2009,6999.00,274877907,12800000000,125.0,166.0,128.0
Mobility Radeon HD 4200 IGP,Ati,GPU,2009,2499.00,274877907,12800000000,125.0,166.0,128.0
Mobility Radeon HD 4225 IGP,Ati,GPU,2010,1499.00,274877907,12800000000,166.0,166.0,128.0
Mobility Radeon HD 4250 IGP,Ati,GPU,2010,1999.00,274877907,12800000000,166.0,166.0,128.0
Mobility Radeon HD 4270 IGP,Ati,GPU,2010,699.00,274877907,12800000000,166.0,166.0,128.0
Mobility Radeon HD 4330,Ati,GPU,2009,40000.00,549755814,9600000000,450.0,600.0,64.0
Mobility Radeon HD 4350,Ati,GPU,2009,1199.00,549755814,9600000000,450.0,600.0,64.0
Mobility Radeon HD 4530,Ati,GPU,2009,9999.00,549755814,11200000000,500.0,700.0,64.0
Mobility Radeon HD 4550,Ati,GPU,2010,30000.00,549755814,11200000000,550.0,700.0,64.0
Mobility Radeon HD 4570,Ati,GPU,2009,399.00,549755814,12800000000,680.0,800.0,64.0
Mobility Radeon HD 4650,Ati,GPU,2009,4999.00,549755814,19200000000,500.0,600.0,128.0
Mobility Radeon HD 4670 Mac Edition,Ati,GPU,2009,2499.00,274877907,25280000000,680.0,790.0,128.0
Mobility Radeon HD 4670,Ati,GPU,2009,12000.00,549755814,25600000000,675.0,800.0,128.0
Mobility Radeon HD 4830,Ati,GPU,2009,1999.00,1099511628,22400000000,550.0,700.0,128.0
Mobility Radeon HD 4850 Mac Edition,Ati,GPU,2009,6999.00,549755814,54400000000,503.0,850.0,256.0
Mobility Radeon HD 4850 X2,Ati,GPU,2009,30000.00,1099511628,44800000000,500.0,700.0,256.0
Mobility Radeon HD 4850,Ati,GPU,2009,699.00,1099511628,54400000000,500.0,850.0,256.0
Mobility Radeon HD 4860,Ati,GPU,2009,1199.00,1099511628,32000000000,650.0,1000.0,128.0
Mobility Radeon HD 4870 X2,Ati,GPU,2009,699.00,1099511628,44800000000,550.0,700.0,256.0
Mobility Radeon HD 4870,Ati,GPU,2009,35000.00,549755814,56832000000,550.0,888.0,256.0
Mobility Radeon HD 5145,Ati,GPU,2010,20000.00,1099511628,14400000000,720.0,900.0,64.0
Mobility Radeon HD 5165,Ati,GPU,2010,9999.00,1099511628,28800000000,600.0,900.0,128.0
Mobility Radeon HD 530v,Ati,GPU,2010,1199.00,549755814,9600000000,500.0,600.0,64.0
Mobility Radeon HD 540v,Ati,GPU,2010,20000.00,549755814,12800000000,550.0,800.0,64.0
Mobility Radeon HD 5430,Ati,GPU,2010,4999.00,1099511628,12800000000,500.0,800.0,64.0
Mobility Radeon HD 5450,Ati,GPU,2010,25000.00,1099511628,12800000000,675.0,800.0,64.0
Mobility Radeon HD 545v,Ati,GPU,2010,15000.00,549755814,12800000000,720.0,800.0,64.0
Mobility Radeon HD 5470,Ati,GPU,2010,1499.00,549755814,12800000000,750.0,800.0,64.0
Mobility Radeon HD 550v,Ati,GPU,2010,25000.00,1099511628,19200000000,450.0,600.0,128.0
Mobility Radeon HD 5570,Ati,GPU,2012,30000.00,1099511628,25600000000,550.0,800.0,128.0
Mobility Radeon HD 560v,Ati,GPU,2010,699.00,1099511628,25600000000,550.0,800.0,128.0
Mobility Radeon HD 5650,Ati,GPU,2010,40000.00,1099511628,25600000000,450.0,800.0,128.0
Mobility Radeon HD 565v,Ati,GPU,2010,35000.00,1099511628,25600000000,675.0,800.0,128.0
Mobility Radeon HD 5670 Mac Edition,Ati,GPU,2010,899.00,549755814,25440000000,650.0,795.0,128.0
Mobility Radeon HD 5730,Ati,GPU,2010,499.00,1099511628,25600000000,650.0,800.0,128.0
Mobility Radeon HD 5750,Ati,GPU,2010,299.00,1099511628,25600000000,550.0,800.0,128.0
Mobility Radeon HD 5770,Ati,GPU,2010,499.00,1099511628,25600000000,650.0,800.0,128.0
Mobility Radeon HD 5830,Ati,GPU,2010,699.00,1099511628,25600000000,500.0,800.0,128.0
Mobility Radeon HD 5850 Mac Edition,Ati,GPU,2010,399.00,1099511628,32000000000,628.0,1000.0,128.0
Mobility Radeon HD 5850,Ati,GPU,2010,9999.00,1099511628,32000000000,500.0,1000.0,128.0
Mobility Radeon HD 5870,Ati,GPU,2010,12000.00,1099511628,32000000000,700.0,1000.0,128.0
Mobility Radeon-P,Ati,GPU,2002,299.00,34359738,2656000000,166.0,166.0,64.0
Mobility Radeon X1300,Ati,GPU,2006,15000.00,137438953,8000000000,350.0,250.0,128.0
Mobility Radeon X1350,Ati,GPU,2006,2499.00,137438953,6272000000,419.0,392.0,64.0
Mobility Radeon X1400,Ati,GPU,2006,35000.00,137438953,8000000000,445.0,250.0,128.0
Mobility Radeon X1450,Ati,GPU,2006,499.00,137438953,14400000000,550.0,450.0,128.0
Mobility Radeon X1600 Mac Edition,Ati,GPU,2007,499.00,137438953,12672000000,398.0,396.0,128.0
Mobility Radeon X1600,Ati,GPU,2006,499.00,274877907,15040000000,450.0,470.0,128.0
Mobility Radeon X1700,Ati,GPU,2006,499.00,274877907,12800000000,475.0,400.0,128.0
Mobility Radeon X1800 XT,Ati,GPU,2006,3499.00,274877907,41600000000,550.0,650.0,256.0
Mobility Radeon X1800,Ati,GPU,2006,6999.00,274877907,32000000000,450.0,500.0,256.0
Mobility Radeon X1900,Ati,GPU,2007,20000.00,274877907,30720000000,400.0,480.0,256.0
Mobility Radeon X200 IGP,Ati,GPU,2005,6999.00,274877907,12800000000,75.0,75.0,128.0
Mobility Radeon X2300 HD,Ati,GPU,2007,1999.00,274877907,3024000000,479.0,378.0,32.0
Mobility Radeon X2300,Ati,GPU,2007,3499.00,137438953,7136000000,479.0,446.0,64.0
Mobility Radeon X2500,Ati,GPU,2007,35000.00,274877907,12800000000,460.0,400.0,128.0
Mobility Radeon X300 IGP,Ati,GPU,2005,3499.00,274877907,12800000000,75.0,75.0,128.0
Mobility Radeon X300,Ati,GPU,2005,2499.00,137438953,4000000000,350.0,250.0,64.0
Mobility Radeon X600 SE,Ati,GPU,2004,1999.00,68719477,8000000000,400.0,250.0,128.0
Mobility Radeon X600,Ati,GPU,2004,35000.00,137438953,8000000000,400.0,250.0,128.0
Mobility Radeon X700 XL,Ati,GPU,2005,35000.00,137438953,10560000000,350.0,330.0,128.0
Mobility Radeon X700,Ati,GPU,2005,9999.00,137438953,9600000000,350.0,300.0,128.0
Mobility Radeon X800 XT,Ati,GPU,2005,4999.00,274877907,35200000000,480.0,550.0,256.0
Mobility Radeon X800,Ati,GPU,2004,3499.00,274877907,25600000000,400.0,400.0,256.0
Mobility Radeon,Ati,GPU,2003,12000.00,17179869,2304000000,144.0,144.0,64.0
MTT S4000,Moore Threads (Tencent),GPU,2023,2499.00,48000000000,768000000000,,,
GeForce MX110,NVIDIA,GPU,2017,1199.00,2147483648,20048000000,978.0,1253.0,64.0
GeForce MX130,NVIDIA,GPU,2017,6999.00,2147483648,20048000000,1109.0,1253.0,64.0
GeForce MX150 GP107,NVIDIA,GPU,2019,499.00,2147483648,24032000000,1469.0,1502.0,64.0
GeForce MX150,NVIDIA,GPU,2017,30000.00,2147483648,24032000000,1469.0,1502.0,64.0
GeForce MX230,NVIDIA,GPU,2019,40000.00,2147483648,24032000000,1519.0,1502.0,64.0
GeForce MX250,NVIDIA,GPU,2019,35000.00,2147483648,24032000000,1519.0,1502.0,64.0
GeForce MX330,NVIDIA,GPU,2020,299.00,2147483648,28032000000,1531.0,1752.0,64.0
GeForce MX350,NVIDIA,GPU,2020,2499.00,2147483648,28032000000,1354.0,1752.0,64.0
GeForce MX450 25W,NVIDIA,GPU,2020,25000.00,2147483648,20000000000,720.0,1250.0,64.0
GeForce MX450 30.5W 10Gbps,NVIDIA,GPU,2020,1999.00,2147483648,20000000000,1395.0,1250.0,64.0
GeForce MX450 30.5W 8Gbps,NVIDIA,GPU,2020,25000.00,2147483648,32000000000,1035.0,2000.0,64.0
GeForce MX550,NVIDIA,GPU,2022,699.00,2147483648,24000000000,1065.0,1500.0,64.0
GeForce MX570,NVIDIA,GPU,2022,6999.00,4294967296,24000000000,1087.0,1500.0,64.0
Mystique G200,Matrox,GPU,1998,2499.00,8589935,1792000000,84.0,112.0,64.0
NV1,NVIDIA,GPU,1995,12000.00,2147484,960000000,75.0,60.0,64.0
NVIDIA A100 SXM4 40 GB,NVIDIA,GPU,2020,9999.00,40000000000,1560000000000,1095.0,1215.0,5120.0
NVIDIA A100 SXM4 80 GB,NVIDIA,GPU,2020,499.00,80000000000,2039000000000,1275.0,1593.0,5120.0
NVIDIA A100,NVIDIA,GPU,2020,499.00,40000000000,1560000000000,1280.0,1590.0,5120.0
NVIDIA A10G,NVIDIA,GPU,2021,4999.00,24000000000,600200000000,1320.0,1563.0,384.0
NVIDIA A10 PCIe,NVIDIA,GPU,2021,699.00,24000000000,600200000000,885.0,900.0,384.0
NVIDIA A40 PCIe,NVIDIA,GPU,2020,20000.00,48000000000,695800000000,1305.0,1812.0,384.0
NVIDIA A800 PCIe 40 GB,NVIDIA,GPU,2022,35000.00,2147483648,1560000000000,706.0,900.0,5120.0
NVIDIA A800 PCIe 80 GB,NVIDIA,GPU,2022,2499.00,2147483648,1940000000000,706.0,900.0,128.0
NVIDIA A800 SXM,NVIDIA,GPU,2022,1999.00,80000000000,2040000000000,706.0,900.0,128.0
NVIDIA B100,NVIDIA,GPU,2024,25000.00,192000000000,8000000000000,706.0,900.0,128.0
NVIDIA B200,NVIDIA,GPU,2024,9999.00,180000000000,7700000000000,706.0,900.0,128.0
NVIDIA B300 (Blackwell Ultra),NVIDIA,GPU,2025,12000.00,270000000000,7700000000000,706.0,900.0,128.0
NVIDIA GB200,NVIDIA,GPU,2025,9999.00,186000000000,8000000000000,706.0,900.0,128.0
NVIDIA GB300 (Blackwell Ultra),NVIDIA,GPU,2025,12000.00,287500000000,8000000000000,706.0,900.0,128.0
NVIDIA GH100,NVIDIA,GPU,2023,399.00,2147483648,3072000000000,706.0,900.0,128.0
NVIDIA GH200,NVIDIA,GPU,2023,299.00,2147483648,4900000000000,706.0,900.0,128.0
NVIDIA GeForce GTX 1080 Ti,NVIDIA,GPU,2017,12000.00,11000000000,484000000000,1481.0,1376.0,352.0
NVIDIA GeForce GTX 1080,NVIDIA,GPU,2016,4999.00,8000000000,320300000000,1607.0,900.0,256.0
NVIDIA GeForce GTX 280,NVIDIA,GPU,2008,1999.00,1024000000,141100000000,602.0,1107.0,512.0
NVIDIA GeForce GTX 580,NVIDIA,GPU,2010,3499.00,1536000000,192400000000,772.0,1002.0,384.0
NVIDIA GeForce GTX 780,NVIDIA,GPU,2013,9999.00,3000000000,288400000000,863.0,900.0,384.0
NVIDIA GeForce GTX 980,NVIDIA,GPU,2014,1199.00,4000000000,224400000000,1127.0,900.0,256.0
NVIDIA GeForce GTX Titan Black,NVIDIA,GPU,2014,30000.00,6000000000,336000000000,889.0,1750.0,384.0
NVIDIA GeForce GTX TITAN X,NVIDIA,GPU,2015,899.00,12000000000,336600000000,1000.0,1753.0,384.0
NVIDIA GeForce GTX TITAN,NVIDIA,GPU,2013,1199.00,6000000000,288400000000,836.0,900.0,384.0
NVIDIA H100 NVL,NVIDIA,GPU,2024,35000.00,94000000000,3938000000000,1080.0,2619.0,6016.0
NVIDIA H100 SXM5 80GB,NVIDIA,GPU,2022,4999.00,80000000000,3350000000000,1665.0,1313.0,5120.0
NVIDIA H100 PCIe,NVIDIA,GPU,2022,20000.00,80000000000,2040000000000,1095.0,900.0,128.0
NVIDIA H200 SXM,NVIDIA,GPU,2024,12000.00,141000000000,4800000000000,706.0,900.0,128.0
NVIDIA H800 SXM5,NVIDIA,GPU,2023,1999.00,80000000000,3360000000000,1095.0,900.0,5120.0
NVIDIA HGX H20,NVIDIA,GPU,2023,6999.00,96000000000,4000000000000,706.0,900.0,128.0
NVIDIA L2 PCle,NVIDIA,GPU,2023,15000.00,24000000000,300000000000,706.0,900.0,128.0
NVIDIA L20 PCle,NVIDIA,GPU,2023,35000.00,48000000000,864000000000,1440.0,2250.0,384.0
NVIDIA L40,NVIDIA,GPU,2022,1999.00,48000000000,864000000000,735.0,2250.0,384.0
NVIDIA L4,NVIDIA,GPU,2023,299.00,24000000000,300100000000,795.0,1563.0,192.0
NVIDIA M40,NVIDIA,GPU,2015,699.00,12000000000,288000000000,948.0,1502.0,384.0
NVIDIA P100 PCIe 16GB,NVIDIA,GPU,2016,12000.00,16000000000,732000000000,1190.0,715.0,4096.0
NVIDIA P100,NVIDIA,GPU,2016,15000.00,16000000000,732000000000,706.0,900.0,128.0
NVIDIA P40,NVIDIA,GPU,2016,399.00,24000000000,694300000000,1303.0,1808.0,384.0
NVIDIA Quadro K1200,NVIDIA,GPU,2015,1999.00,4000000000,80000000000,1058.0,1250.0,128.0
NVIDIA Quadro K4000,NVIDIA,GPU,2013,40000.00,3000000000,134800000000,810.0,900.0,192.0
NVIDIA Quadro K6000,NVIDIA,GPU,2013,15000.00,12000000000,288000000000,797.0,1502.0,384.0
NVIDIA Quadro M4000,NVIDIA,GPU,2015,899.00,8000000000,192000000000,773.0,1502.0,256.0
NVIDIA Quadro P4000,NVIDIA,GPU,2017,40000.00,8000000000,243400000000,1202.0,1901.0,256.0
NVIDIA Quadro P5000,NVIDIA,GPU,2016,699.00,16000000000,288000000000,1607.0,1127.0,256.0
NVIDIA Quadro P6000,NVIDIA,GPU,2016,20000.00,24000000000,433000000000,1506.0,1127.0,384.0
NVIDIA Quadro P600,NVIDIA,GPU,2017,6999.00,2000000000,64130000000,1329.0,900.0,128.0
NVIDIA Quadro RTX 4000,NVIDIA,GPU,2018,30000.00,8000000000,416000000000,1005.0,1625.0,256.0
NVIDIA Quadro RTX 5000,NVIDIA,GPU,2018,4999.00,16000000000,448000000000,1620.0,1750.0,256.0
NVIDIA Quadro RTX 6000,NVIDIA,GPU,2018,35000.00,24000000000,672000000000,1440.0,1750.0,384.0
NVIDIA Quadro RTX 8000,NVIDIA,GPU,2018,499.00,48000000000,672000000000,1395.0,1750.0,384.0
NVIDIA GeForce RTX 2080 Ti 11GB,NVIDIA,GPU,2018,399.00,11000000000,616000000000,1350.0,1750.0,352.0
NVIDIA GeForce RTX 3080,NVIDIA,GPU,2020,20000.00,10000000000,760000000000,1440.0,1188.0,320.0
NVIDIA GeForce RTX 3090 Ti,NVIDIA,GPU,2022,40000.00,24000000000,1008000000000,1560.0,1313.0,384.0
NVIDIA GeForce RTX 3090,NVIDIA,GPU,2020,25000.00,24000000000,936000000000,1395.0,1219.0,384.0
NVIDIA GeForce RTX 4070,NVIDIA,GPU,2023,1999.00,12000000000,504200000000,1920.0,1313.0,192.0
NVIDIA GeForce RTX 4080,NVIDIA,GPU,2022,299.00,16000000000,716800000000,2205.0,1400.0,256.0
NVIDIA GeForce RTX 4090,NVIDIA,GPU,2022,2499.00,24000000000,1008000000000,2235.0,1313.0,384.0
NVIDIA RTX 6000 Ada Generation,NVIDIA,GPU,2022,40000.00,2147483648,40096000000,706.0,900.0,128.0
NVIDIA RTX A4000,NVIDIA,GPU,2021,499.00,16000000000,448000000000,735.0,1750.0,256.0
NVIDIA RTX A5000,NVIDIA,GPU,2021,1999.00,24000000000,768000000000,1170.0,2000.0,384.0
NVIDIA RTX A6000,NVIDIA,GPU,2020,399.00,48000000000,768000000000,1410.0,2000.0,384.0
NVIDIA Rubin CPX,NVIDIA,GPU,,1499.00,128000000000,40096000000,706.0,900.0,128.0
NVIDIA Tesla C2050,NVIDIA,GPU,2011,699.00,2147483648,40096000000,574.0,900.0,128.0
NVIDIA Tesla K20c,NVIDIA,GPU,2012,1499.00,5000000000,208000000000,706.0,1300.0,320.0
NVIDIA Tesla K20X,NVIDIA,GPU,2012,399.00,2147483648,40096000000,732.0,900.0,128.0
NVIDIA Tesla K40s,NVIDIA,GPU,2013,399.00,12000000000,288000000000,745.0,1502.0,384.0
NVIDIA Tesla K40t,NVIDIA,GPU,2013,2499.00,12000000000,288400000000,745.0,900.0,384.0
NVIDIA Tesla K80,NVIDIA,GPU,2014,3499.00,24000000000,241000000000,562.0,1253.0,768.0
NVIDIA TESLA M60,NVIDIA,GPU,2015,2499.00,16000000000,320800000000,557.0,1253.0,512.0
NVIDIA Tesla P100 PCIe 12GB,NVIDIA,GPU,2016,12000.00,2147483648,549100000000,1190.0,900.0,128.0
NVIDIA Tesla P100 PCIe 16GB,NVIDIA,GPU,2016,30000.00,2147483648,732200000000,1190.0,900.0,128.0
NVIDIA Tesla P100 DGXS,NVIDIA,GPU,2016,1999.00,2147483648,40096000000,1328.0,900.0,128.0
NVIDIA Tesla P100 SXM2,NVIDIA,GPU,2016,40000.00,2147483648,40096000000,1328.0,900.0,128.0
NVIDIA Tesla P4,NVIDIA,GPU,2016,9999.00,8000000000,192300000000,886.0,1502.0,256.0
NVIDIA Tesla T4,NVIDIA,GPU,2018,399.00,16000000000,320000000000,585.0,1250.0,256.0
NVIDIA Tesla V100 PCIe 16 GB,NVIDIA,GPU,2017,4999.00,16000000000,897000000000,1245.0,900.0,4096.0
NVIDIA Tesla V100 PCIe 32 GB,NVIDIA,GPU,2018,399.00,32000000000,897000000000,1230.0,900.0,4096.0
NVIDIA Tesla V100 DGXS 16 GB,NVIDIA,GPU,2018,2499.00,16000000000,897000000000,1354.0,900.0,128.0
NVIDIA Tesla V100 DGXS 32 GB,NVIDIA,GPU,2018,4999.00,32000000000,897000000000,1297.0,900.0,4096.0
NVIDIA Tesla V100 SXM2 16 GB,NVIDIA,GPU,2017,4999.00,2147483648,897000000000,1312.0,900.0,128.0
NVIDIA Tesla V100 SXM2 32 GB,NVIDIA,GPU,2018,20000.00,32000000000,898000000000,1290.0,900.0,4096.0
NVIDIA Tesla V100 SXM2,NVIDIA,GPU,2017,20000.00,16000000000,897000000000,1312.0,876.0,4096.0
NVIDIA Tesla V100 SXM3 32 GB,NVIDIA,GPU,2018,1499.00,2147483648,898000000000,1290.0,900.0,128.0
NVIDIA Tesla V100S PCIe 32 GB,NVIDIA,GPU,2019,2499.00,32000000000,1130000000000,1245.0,900.0,4096.0
NVIDIA Titan V,NVIDIA,GPU,2017,1499.00,12000000000,651000000000,1200.0,848.0,3072.0
NVIDIA TITAN Xp,NVIDIA,GPU,2017,399.00,12000000000,548000000000,1405.0,1426.0,384.0
NVIDIA V100,NVIDIA,GPU,2017,3499.00,2147483648,897000000000,706.0,900.0,4096.0
NVIDIA VR200,NVIDIA,GPU,,30000.00,2147483648,40096000000,706.0,900.0,128.0
NVIDIA VR300 (Rubin Ultra),NVIDIA,GPU,,9999.00,2147483648,40096000000,706.0,900.0,128.0
NVS 1000,NVIDIA,GPU,,20000.00,2147483648,28512000000,797.0,891.0,128.0
NVS 2100M,NVIDIA,GPU,2010,2499.00,549755814,12640000000,535.0,790.0,64.0
NVS 300,NVIDIA,GPU,2011,1499.00,549755814,12640000000,520.0,790.0,64.0
NVS 3100M,NVIDIA,GPU,2010,12000.00,549755814,12640000000,606.0,790.0,64.0
NVS 310,NVIDIA,GPU,2012,2499.00,549755814,14000000000,523.0,875.0,64.0
NVS 315,NVIDIA,GPU,2013,3499.00,1099511628,14000000000,523.0,875.0,64.0
NVS 4200M,NVIDIA,GPU,2011,35000.00,1099511628,12800000000,810.0,800.0,64.0
NVS 5100M,NVIDIA,GPU,2010,399.00,1099511628,25600000000,550.0,800.0,128.0
NVS 510,NVIDIA,GPU,2012,4999.00,2147483648,28512000000,797.0,891.0,128.0
NVS 5200M,NVIDIA,GPU,2012,3499.00,1099511628,14400000000,625.0,900.0,64.0
NVS 5400M,NVIDIA,GPU,2012,399.00,2147483648,28800000000,660.0,900.0,128.0
NVS 810,NVIDIA,GPU,2015,2499.00,2147483648,14400000000,902.0,900.0,64.0
P102-100,NVIDIA,GPU,2018,1499.00,5368709120,110080000000,1582.0,1376.0,320.0
P102-101,NVIDIA,GPU,2018,2499.00,10737418240,160160000000,1557.0,2002.0,320.0
P104-100,NVIDIA,GPU,2017,12000.00,4294967296,80064000000,1607.0,1251.0,256.0
P104-101,NVIDIA,GPU,2018,399.00,4294967296,128128000000,1506.0,2002.0,256.0
P106-090,NVIDIA,GPU,2017,25000.00,3221225472,96096000000,1354.0,2002.0,192.0
P106-100,NVIDIA,GPU,2017,3499.00,6442450944,96096000000,1506.0,2002.0,192.0
P106M,NVIDIA,GPU,2019,499.00,4294967296,48064000000,1291.0,1502.0,128.0
Parhelia 128 MB,Matrox,GPU,2002,35000.00,137438953,17600000000,220.0,275.0,256.0
Parhelia 128 MB,Matrox,GPU,2004,699.00,137438953,19200000000,250.0,300.0,256.0
Parhelia 256 MB,Matrox,GPU,2002,15000.00,274877907,16000000000,200.0,250.0,256.0
Parhelia 256 MB,Matrox,GPU,2004,40000.00,274877907,20800000000,250.0,325.0,256.0
Parhelia APVe,Matrox,GPU,2006,699.00,137438953,8000000000,250.0,250.0,128.0
Parhelia DL256,Matrox,GPU,2003,1499.00,274877907,4000000000,200.0,250.0,64.0
Parhelia HR256,Matrox,GPU,2003,299.00,274877907,4000000000,200.0,250.0,64.0
Parhelia PCI,Matrox,GPU,2003,9999.00,274877907,4000000000,200.0,250.0,64.0
Parhelia Precision SDT,Matrox,GPU,2003,299.00,274877907,4000000000,200.0,250.0,64.0
Parhelia Precision SGT,Matrox,GPU,2003,899.00,274877907,4000000000,200.0,250.0,64.0
GeForce PCX 4300,NVIDIA,GPU,2004,30000.00,68719477,2656000000,250.0,166.0,64.0
GeForce PCX 5300,NVIDIA,GPU,2004,1199.00,137438953,6400000000,250.0,200.0,128.0
GeForce PCX 5750,NVIDIA,GPU,2004,40000.00,137438953,8800000000,425.0,275.0,128.0
GeForce PCX 5900,NVIDIA,GPU,2003,499.00,137438953,17600000000,350.0,275.0,256.0
GeForce PCX 5950,NVIDIA,GPU,2004,25000.00,274877907,27200000000,475.0,425.0,256.0
PG506-232,NVIDIA,GPU,2021,35000.00,25769803776,933120000000,930.0,1215.0,3072.0
PG506-242,NVIDIA,GPU,2021,35000.00,25769803776,933120000000,930.0,1215.0,3072.0
Playstation 2 GPU 180nm,Sony,GPU,2001,499.00,4294967,96000000000,147.0,150.0,2560.0
Playstation 2 GPU 250nm,Sony,GPU,2000,4999.00,4294967,96000000000,147.0,150.0,2560.0
Playstation 2 GPU 65nm,Sony,GPU,2007,3499.00,4294967,96000000000,147.0,150.0,2560.0
Playstation 2 GPU 90nm,Sony,GPU,2005,3499.00,4294967,96000000000,147.0,150.0,2560.0
Playstation 3 GPU 28nm,NVIDIA,GPU,2013,699.00,274877907,20800000000,550.0,650.0,128.0
Playstation 3 GPU 40nm,NVIDIA,GPU,2012,9999.00,274877907,20800000000,550.0,650.0,128.0
Playstation 3 GPU 65nm,NVIDIA,GPU,2008,3499.00,274877907,20800000000,550.0,650.0,128.0
Playstation 3 GPU 90nm,NVIDIA,GPU,2006,35000.00,274877907,20800000000,550.0,650.0,128.0
Playstation 4 GPU,AMD,GPU,2013,35000.00,8589934592,88000000000,800.0,1375.0,256.0
Playstation 4 Pro GPU,AMD,GPU,2016,35000.00,8589934592,108800000000,911.0,1700.0,256.0
Playstation 4 Slim GPU,AMD,GPU,2016,1999.00,8589934592,88000000000,800.0,1375.0,256.0
Playstation 5 GPU,AMD,GPU,2020,15000.00,17179869184,112000000000,2233.0,1750.0,256.0
Playstation 5 GPU,AMD,GPU,2022,299.00,17179869184,112000000000,915.0,1750.0,256.0
Playstation GPU 350nm,Sony,GPU,1997,1499.00,1073742,264000000,53.0,33.0,32.0
Playstation GPU 600nm,Sony,GPU,1994,3499.00,1073742,264000000,53.0,33.0,32.0
Playstation Portable GPU 65nm,Sony,GPU,2007,699.00,2147484,10624000000,133.0,83.0,512.0
Playstation Portable GPU 90nm,Sony,GPU,2004,25000.00,2147484,10624000000,133.0,83.0,512.0
Playstation Vita GPU,Sony,GPU,2011,299.00,137438953,6400000000,200.0,400.0,64.0
Radeon Pro 450,AMD,GPU,2016,15000.00,2147483648,40640000000,800.0,1270.0,128.0
Radeon Pro 455,AMD,GPU,2016,3499.00,2147483648,40640000000,855.0,1270.0,128.0
Radeon Pro 460,AMD,GPU,2016,15000.00,4294967296,40640000000,850.0,1270.0,128.0
Radeon Pro 5300M,AMD,GPU,2019,299.00,4294967296,48000000000,1000.0,1500.0,128.0
Radeon Pro 5300,AMD,GPU,2020,20000.00,4294967296,56000000000,1000.0,1750.0,128.0
Radeon Pro 5500 XT,AMD,GPU,2020,3499.00,8589934592,56000000000,1187.0,1750.0,128.0
Radeon Pro 5500M,AMD,GPU,2019,20000.00,8589934592,48000000000,1000.0,1500.0,128.0
Radeon Pro 555X,AMD,GPU,2018,25000.00,4294967296,47040000000,907.0,1470.0,128.0
Radeon Pro 555,AMD,GPU,2017,12000.00,2147483648,40800000000,850.0,1275.0,128.0
Radeon Pro 5600M,AMD,GPU,2020,40000.00,8589934592,394240000000,1000.0,770.0,2048.0
Radeon Pro 560X,AMD,GPU,2018,499.00,4294967296,47040000000,1004.0,1470.0,128.0
Radeon Pro 560,AMD,GPU,2017,35000.00,4294967296,40640000000,907.0,1270.0,128.0
Radeon Pro 5700 XT,AMD,GPU,2020,25000.00,17179869184,96000000000,1243.0,1500.0,256.0
Radeon Pro 5700,AMD,GPU,2020,6999.00,8589934592,96000000000,1243.0,1500.0,256.0
Radeon Pro 570X,AMD,GPU,2019,12000.00,4294967296,108800000000,1000.0,1700.0,256.0
Radeon Pro 570,AMD,GPU,2017,40000.00,4294967296,108480000000,1000.0,1695.0,256.0
Radeon Pro 575X,AMD,GPU,2019,40000.00,4294967296,108800000000,1096.0,1700.0,256.0
Radeon Pro 575,AMD,GPU,2017,1999.00,4294967296,108480000000,1096.0,1695.0,256.0
Radeon Pro 580X,AMD,GPU,2019,35000.00,8589934592,109440000000,1100.0,1710.0,256.0
Radeon Pro 580,AMD,GPU,2017,899.00,8589934592,108480000000,1100.0,1695.0,256.0
Radeon Pro Duo Polaris,AMD,GPU,2017,699.00,17179869184,112000000000,1243.0,1750.0,256.0
Radeon Pro Duo,AMD,GPU,2016,1499.00,4294967296,512000000000,1000.0,500.0,4096.0
Radeon Pro SSG,AMD,GPU,2017,30000.00,17179869184,483840000000,1440.0,945.0,2048.0
Radeon Pro V320,AMD,GPU,2017,6999.00,17179869184,483840000000,852.0,945.0,2048.0
Radeon Pro V340,AMD,GPU,2018,899.00,17179869184,483840000000,852.0,945.0,2048.0
Radeon Pro V520,AMD,GPU,2020,35000.00,8589934592,512000000000,1000.0,1000.0,2048.0
Radeon Pro V5300X,AMD,GPU,,30000.00,4294967296,48000000000,1125.0,1500.0,128.0
Radeon Pro V620,AMD,GPU,2021,40000.00,34359738368,128000000000,1825.0,2000.0,256.0
Radeon Pro V7300X,AMD,GPU,,3499.00,8589934592,112000000000,1188.0,1750.0,256.0
Radeon Pro V7350X2,AMD,GPU,,35000.00,17179869184,112000000000,1188.0,1750.0,256.0
Radeon Pro Vega 16,AMD,GPU,2018,1999.00,4294967296,307200000000,815.0,1200.0,1024.0
Radeon Pro Vega 20,AMD,GPU,2018,1999.00,4294967296,189440000000,815.0,740.0,1024.0
Radeon Pro Vega 48,AMD,GPU,2019,299.00,8589934592,402432000000,1200.0,786.0,2048.0
Radeon Pro Vega 56,AMD,GPU,2017,3499.00,8589934592,402432000000,1138.0,786.0,2048.0
Radeon Pro Vega 64X,AMD,GPU,2019,1999.00,17179869184,512000000000,1250.0,1000.0,2048.0
Radeon Pro Vega 64,AMD,GPU,2017,35000.00,17179869184,402432000000,1250.0,786.0,2048.0
Radeon Pro Vega II Duo,AMD,GPU,2019,499.00,34359738368,1024000000000,1400.0,1000.0,4096.0
Radeon Pro Vega II,AMD,GPU,2019,4999.00,34359738368,825344000000,1574.0,806.0,4096.0
Radeon Pro VII,AMD,GPU,2020,1499.00,17179869184,1024000000000,1400.0,1000.0,4096.0
Radeon Pro W5300M,AMD,GPU,2019,1999.00,4294967296,48000000000,1000.0,1500.0,128.0
Radeon Pro W5500M,AMD,GPU,2020,25000.00,4294967296,56000000000,1000.0,1750.0,128.0
Radeon Pro W5500,AMD,GPU,2020,15000.00,8589934592,56000000000,1744.0,1750.0,128.0
Radeon Pro W5700X,AMD,GPU,2019,35000.00,17179869184,112000000000,1243.0,1750.0,256.0
Radeon Pro W5700,AMD,GPU,2019,35000.00,8589934592,112000000000,1400.0,1750.0,256.0
Radeon Pro W6300M,AMD,GPU,2022,699.00,2147483648,12096000000,1065.0,1512.0,32.0
Radeon PRO W6300,AMD,GPU,2022,899.00,2147483648,9720000000,765.0,1215.0,32.0
Radeon Pro W6400,AMD,GPU,2022,25000.00,4294967296,28000000000,2331.0,1750.0,64.0
Radeon Pro W6600M,AMD,GPU,2021,2499.00,8589934592,56000000000,2200.0,1750.0,128.0
Radeon Pro W6600,AMD,GPU,2021,299.00,8589934592,56000000000,2331.0,1750.0,128.0
Radeon Pro W6800X Duo,AMD,GPU,2021,3499.00,34359738368,128000000000,1800.0,2000.0,256.0
Radeon Pro W6800X,AMD,GPU,2021,6999.00,34359738368,128000000000,1800.0,2000.0,256.0
Radeon Pro W6800,AMD,GPU,2021,299.00,34359738368,128000000000,2075.0,2000.0,256.0
Radeon Pro W6900X,AMD,GPU,2021,499.00,34359738368,128000000000,1825.0,2000.0,256.0
Radeon PRO W7500,AMD,GPU,2023,20000.00,8589934592,72000000000,2310.0,2250.0,128.0
Radeon PRO W7600,AMD,GPU,2023,499.00,8589934592,72000000000,2310.0,2250.0,128.0
Radeon PRO W7700,AMD,GPU,2023,30000.00,17179869184,112000000000,1110.0,1750.0,256.0
Radeon PRO W7800,AMD,GPU,2023,3499.00,34359738368,112000000000,735.0,1750.0,256.0
Radeon PRO W7900,AMD,GPU,2023,20000.00,51539607552,115200000000,1000.0,1200.0,384.0
Radeon Pro WX 2100,AMD,GPU,2017,6999.00,2147483648,24000000000,925.0,1500.0,64.0
Radeon Pro WX 3100,AMD,GPU,2017,299.00,4294967296,48000000000,925.0,1500.0,128.0
Radeon Pro WX 3200 Mobile,AMD,GPU,2019,3499.00,4294967296,32000000000,1082.0,1000.0,128.0
Radeon Pro WX 3200,AMD,GPU,2019,3499.00,4294967296,48000000000,1295.0,1500.0,128.0
Radeon Pro WX 4100,AMD,GPU,2016,12000.00,4294967296,48000000000,1125.0,1500.0,128.0
Radeon Pro WX 4130 Mobile,AMD,GPU,2017,699.00,4294967296,48000000000,1002.0,1500.0,128.0
Radeon Pro WX 4150 Mobile,AMD,GPU,2017,30000.00,4294967296,48000000000,1002.0,1500.0,128.0
Radeon Pro WX 4170 Mobile,AMD,GPU,2017,4999.00,4294967296,48000000000,1002.0,1500.0,128.0
Radeon Pro WX 5100,AMD,GPU,2016,699.00,8589934592,80000000000,713.0,1250.0,256.0
Radeon Pro WX 7100 Mobile,AMD,GPU,2017,1999.00,8589934592,80000000000,1188.0,1250.0,256.0
Radeon Pro WX 7100,AMD,GPU,2016,499.00,8589934592,112000000000,1188.0,1750.0,256.0
Radeon Pro WX 7130 Mobile,AMD,GPU,2017,35000.00,8589934592,80000000000,1188.0,1250.0,256.0
Radeon Pro WX 8100,AMD,GPU,2017,1199.00,8589934592,512000000000,1200.0,1000.0,2048.0
Radeon Pro WX 8200,AMD,GPU,2018,6999.00,8589934592,512000000000,1200.0,1000.0,2048.0
Radeon Pro WX 9100,AMD,GPU,2017,4999.00,17179869184,483840000000,1200.0,945.0,2048.0
Radeon Pro WX Vega M GL,AMD,GPU,2018,3499.00,4294967296,179200000000,931.0,700.0,1024.0
Productiva G100,Matrox,GPU,1998,2499.00,2147484,992000000,41.0,62.0,64.0
QID LP PCI,Matrox,GPU,2004,3499.00,137438953,4800000000,250.0,300.0,64.0
QID LP PCIe,Matrox,GPU,2004,6999.00,137438953,9600000000,250.0,300.0,128.0
QID PRO,Matrox,GPU,2004,399.00,274877907,4800000000,250.0,300.0,64.0
QID,Matrox,GPU,2004,30000.00,274877907,9600000000,250.0,300.0,128.0
Quadro 1000M,NVIDIA,GPU,2011,3499.00,2147483648,28800000000,700.0,900.0,128.0
Quadro 2000D,NVIDIA,GPU,2011,20000.00,1099511628,20800000000,625.0,650.0,128.0
Quadro 2000M,NVIDIA,GPU,2011,40000.00,2147483648,28800000000,550.0,900.0,128.0
Quadro 2000,NVIDIA,GPU,2010,1999.00,1099511628,20800000000,625.0,650.0,128.0
Quadro 3000M,NVIDIA,GPU,2011,2499.00,2147483648,40000000000,450.0,625.0,256.0
Quadro 4000 Mac Edition,NVIDIA,GPU,2011,15000.00,1924145349,44928000000,475.0,702.0,256.0
Quadro 4000M,NVIDIA,GPU,2011,1999.00,2147483648,40000000000,475.0,625.0,256.0
Quadro 4000,NVIDIA,GPU,2010,9999.00,2147483648,44928000000,475.0,702.0,256.0
Quadro 400,NVIDIA,GPU,2011,25000.00,549755814,12320000000,450.0,770.0,64.0
Quadro 4100,NVIDIA,GPU,2013,4999.00,2147483648,57024000000,797.0,891.0,256.0
Quadro 410,NVIDIA,GPU,2012,699.00,549755814,14256000000,706.0,891.0,64.0
Quadro 5000 SDI,NVIDIA,GPU,2011,20000.00,2684354560,60000000000,513.0,750.0,320.0
Quadro 5000M,NVIDIA,GPU,2010,4999.00,1924145349,38400000000,405.0,600.0,256.0
Quadro 5000,NVIDIA,GPU,2011,1499.00,2684354560,60000000000,513.0,750.0,320.0
Quadro 500M,NVIDIA,GPU,2011,699.00,1099511628,28800000000,700.0,900.0,128.0
Quadro 5010M,NVIDIA,GPU,2011,15000.00,4294967296,41600000000,450.0,650.0,256.0
Quadro 6000 SDI,NVIDIA,GPU,2011,15000.00,6442450944,71712000000,574.0,747.0,384.0
Quadro 6000,NVIDIA,GPU,2010,12000.00,6442450944,71712000000,574.0,747.0,384.0
Quadro 600,NVIDIA,GPU,2010,6999.00,1099511628,25600000000,640.0,800.0,128.0
Quadro 7000,NVIDIA,GPU,2012,699.00,6442450944,81696000000,651.0,851.0,384.0
Quadro CX,NVIDIA,GPU,2008,30000.00,1649267442,76800000000,602.0,800.0,384.0
Quadro DCC,NVIDIA,GPU,2001,1199.00,68719477,7360000000,200.0,230.0,128.0
Quadro FX 1000,NVIDIA,GPU,2003,1999.00,137438953,9600000000,300.0,300.0,128.0
Quadro FX 1100,NVIDIA,GPU,2004,6999.00,137438953,10400000000,425.0,325.0,128.0
Quadro FX 1300,NVIDIA,GPU,2004,399.00,137438953,17600000000,350.0,275.0,256.0
Quadro FX 1400,NVIDIA,GPU,2004,499.00,137438953,19200000000,350.0,300.0,256.0
Quadro FX 1500M,NVIDIA,GPU,2006,3499.00,549755814,32000000000,375.0,500.0,256.0
Quadro FX 1500,NVIDIA,GPU,2006,3499.00,274877907,40000000000,325.0,625.0,256.0
Quadro FX 1600M,NVIDIA,GPU,2007,25000.00,549755814,25600000000,625.0,800.0,128.0
Quadro FX 1700 Mac Edition,NVIDIA,GPU,2008,25000.00,549755814,20800000000,520.0,650.0,128.0
Quadro FX 1700M,NVIDIA,GPU,2008,899.00,549755814,25600000000,625.0,800.0,128.0
Quadro FX 1700,NVIDIA,GPU,2007,1199.00,549755814,25600000000,460.0,400.0,256.0
Quadro FX 1800M,NVIDIA,GPU,2009,399.00,1099511628,17600000000,561.0,550.0,128.0
Quadro FX 1800,NVIDIA,GPU,2009,25000.00,824633721,38400000000,550.0,800.0,192.0
Quadro FX 2000,NVIDIA,GPU,2003,30000.00,137438953,12800000000,400.0,400.0,128.0
Quadro FX 2500M,NVIDIA,GPU,2005,6999.00,549755814,38400000000,500.0,600.0,256.0
Quadro FX 2700M,NVIDIA,GPU,2008,4999.00,549755814,51136000000,530.0,799.0,256.0
Quadro FX 2800M,NVIDIA,GPU,2009,699.00,1099511628,64000000000,600.0,1000.0,256.0
Quadro FX 3000G,NVIDIA,GPU,2003,899.00,274877907,27200000000,400.0,425.0,256.0
Quadro FX 3000,NVIDIA,GPU,2003,1499.00,274877907,27200000000,400.0,425.0,256.0
Quadro FX 330,NVIDIA,GPU,2004,15000.00,68719477,3200000000,250.0,200.0,64.0
Quadro FX 3400,NVIDIA,GPU,2004,1999.00,274877907,28800000000,350.0,450.0,256.0
Quadro FX 3450,NVIDIA,GPU,2005,899.00,274877907,32000000000,425.0,500.0,256.0
Quadro FX 3500M,NVIDIA,GPU,2007,40000.00,549755814,38400000000,575.0,600.0,256.0
Quadro FX 3500,NVIDIA,GPU,2006,399.00,274877907,42240000000,450.0,660.0,256.0
Quadro FX 350M,NVIDIA,GPU,2006,899.00,274877907,14400000000,450.0,450.0,128.0
Quadro FX 350,NVIDIA,GPU,2006,4999.00,137438953,6480000000,550.0,405.0,64.0
Quadro FX 3600M,NVIDIA,GPU,2008,20000.00,549755814,51200000000,500.0,800.0,256.0
Quadro FX 360M,NVIDIA,GPU,2007,899.00,274877907,9600000000,400.0,600.0,64.0
Quadro FX 370 LP,NVIDIA,GPU,2008,1499.00,274877907,8000000000,540.0,500.0,64.0
Quadro FX 3700M,NVIDIA,GPU,2008,3499.00,1099511628,51200000000,550.0,800.0,256.0
Quadro FX 3700,NVIDIA,GPU,2008,40000.00,549755814,51200000000,500.0,800.0,256.0
Quadro FX 370M,NVIDIA,GPU,2008,1999.00,274877907,9600000000,550.0,600.0,64.0
Quadro FX 370,NVIDIA,GPU,2007,3499.00,274877907,8000000000,360.0,500.0,64.0
Quadro FX 380 LP,NVIDIA,GPU,2009,25000.00,549755814,12800000000,550.0,800.0,64.0
Quadro FX 3800M,NVIDIA,GPU,2008,899.00,1099511628,64000000000,675.0,1000.0,256.0
Quadro FX 3800,NVIDIA,GPU,2009,1499.00,1099511628,51200000000,600.0,800.0,256.0
Quadro FX 380M,NVIDIA,GPU,2010,499.00,549755814,12640000000,606.0,790.0,64.0
Quadro FX 380,NVIDIA,GPU,2009,30000.00,274877907,22400000000,450.0,700.0,128.0
Quadro FX 4000 SDI,NVIDIA,GPU,2004,35000.00,274877907,32000000000,425.0,500.0,256.0
Quadro FX 4000,NVIDIA,GPU,2004,9999.00,274877907,32000000000,375.0,500.0,256.0
Quadro FX 4400G,NVIDIA,GPU,2005,699.00,549755814,33600000000,375.0,525.0,256.0
Quadro FX 4400,NVIDIA,GPU,2005,2499.00,549755814,33600000000,375.0,525.0,256.0
Quadro FX 4500 SDI,NVIDIA,GPU,2006,2499.00,549755814,33600000000,430.0,525.0,256.0
Quadro FX 4500 X2,NVIDIA,GPU,2006,1199.00,549755814,38720000000,500.0,605.0,256.0
Quadro FX 4500,NVIDIA,GPU,2005,30000.00,549755814,33600000000,430.0,525.0,256.0
Quadro FX 4600 SDI,NVIDIA,GPU,2007,399.00,824633721,67200000000,500.0,700.0,384.0
Quadro FX 4600,NVIDIA,GPU,2007,12000.00,824633721,67200000000,500.0,700.0,384.0
Quadro FX 4700 X2,NVIDIA,GPU,2008,2499.00,1099511628,51200000000,600.0,800.0,256.0
Quadro FX 470,NVIDIA,GPU,2007,1999.00,2147483648,40096000000,130.0,130.0,128.0
Quadro FX 4800 Mac Edition,NVIDIA,GPU,2008,299.00,1649267442,76800000000,602.0,800.0,384.0
Quadro FX 4800,NVIDIA,GPU,2008,20000.00,1649267442,76800000000,602.0,800.0,384.0
Quadro FX 500,NVIDIA,GPU,2003,299.00,137438953,7680000000,270.0,240.0,128.0
Quadro FX 540,NVIDIA,GPU,2004,1199.00,137438953,8000000000,300.0,250.0,128.0
Quadro FX 5500 SDI,NVIDIA,GPU,2006,4999.00,1099511628,32320000000,650.0,505.0,256.0
Quadro FX 5500,NVIDIA,GPU,2006,1199.00,1099511628,32320000000,650.0,505.0,256.0
Quadro FX 550M,NVIDIA,GPU,2006,25000.00,549755814,16000000000,480.0,500.0,128.0
Quadro FX 550,NVIDIA,GPU,2006,6999.00,137438953,12800000000,360.0,400.0,128.0
Quadro FX 5600 Mac Edition,NVIDIA,GPU,2007,499.00,1649267442,76800000000,600.0,800.0,384.0
Quadro FX 5600,NVIDIA,GPU,2007,499.00,1649267442,76800000000,600.0,800.0,384.0
Quadro FX 560,NVIDIA,GPU,2006,699.00,137438953,19200000000,350.0,600.0,128.0
Quadro FX 570M,NVIDIA,GPU,2007,499.00,549755814,22400000000,475.0,700.0,128.0
Quadro FX 570,NVIDIA,GPU,2007,299.00,274877907,12800000000,460.0,400.0,128.0
Quadro FX 5800,NVIDIA,GPU,2008,15000.00,4294967296,102400000000,610.0,800.0,512.0
Quadro FX 580,NVIDIA,GPU,2009,499.00,549755814,25600000000,450.0,800.0,128.0
Quadro FX 600 PCI,NVIDIA,GPU,2004,1999.00,137438953,7680000000,270.0,240.0,128.0
Quadro FX 700,NVIDIA,GPU,2004,30000.00,137438953,8800000000,275.0,275.0,128.0
Quadro FX 770M,NVIDIA,GPU,2008,3499.00,549755814,25600000000,500.0,800.0,128.0
Quadro FX 880M,NVIDIA,GPU,2010,20000.00,1099511628,25280000000,550.0,790.0,128.0
Quadro FX Go1000,NVIDIA,GPU,2004,299.00,137438953,9120000000,295.0,285.0,128.0
Quadro FX Go1400,NVIDIA,GPU,2005,6999.00,274877907,18880000000,275.0,295.0,256.0
Quadro FX Go540,NVIDIA,GPU,2004,35000.00,137438953,7200000000,300.0,225.0,128.0
Quadro FX Go700,NVIDIA,GPU,2003,30000.00,137438953,9440000000,295.0,295.0,128.0
Quadro GP100,NVIDIA,GPU,2016,6999.00,17179869184,732160000000,1304.0,715.0,4096.0
Quadro GV100,NVIDIA,GPU,2018,1199.00,34359738368,868352000000,1132.0,848.0,4096.0
Quadro K1000M,NVIDIA,GPU,2012,30000.00,2147483648,28800000000,850.0,900.0,128.0
Quadro K100M,NVIDIA,GPU,2014,12000.00,1099511628,12800000000,850.0,800.0,64.0
Quadro K1100M,NVIDIA,GPU,2013,30000.00,2147483648,22400000000,706.0,700.0,128.0
Quadro K1200,NVIDIA,GPU,2015,699.00,4294967296,40000000000,1058.0,1250.0,128.0
Quadro K2000D,NVIDIA,GPU,2013,15000.00,2147483648,32000000000,954.0,1000.0,128.0
Quadro K2000M,NVIDIA,GPU,2012,9999.00,2147483648,28800000000,745.0,900.0,128.0
Quadro K2000,NVIDIA,GPU,2013,3499.00,2147483648,32000000000,954.0,1000.0,128.0
Quadro K200M,NVIDIA,GPU,2014,899.00,1099511628,12800000000,850.0,800.0,64.0
Quadro K2100M,NVIDIA,GPU,2013,399.00,2147483648,24064000000,667.0,752.0,128.0
Quadro K2200M,NVIDIA,GPU,2014,399.00,2147483648,40096000000,667.0,1253.0,128.0
Quadro K2200,NVIDIA,GPU,2014,399.00,4294967296,40096000000,1046.0,1253.0,128.0
Quadro K3000M,NVIDIA,GPU,2012,699.00,2147483648,44800000000,654.0,700.0,256.0
Quadro K3100M,NVIDIA,GPU,2013,399.00,4294967296,51200000000,706.0,800.0,256.0
Quadro K4000M,NVIDIA,GPU,2012,6999.00,4294967296,44800000000,601.0,700.0,256.0
Quadro K4000,NVIDIA,GPU,2013,699.00,3221225472,67392000000,810.0,1404.0,192.0
Quadro K4100M,NVIDIA,GPU,2013,399.00,4294967296,51200000000,706.0,800.0,256.0
Quadro K4200,NVIDIA,GPU,2014,20000.00,4294967296,86400000000,771.0,1350.0,256.0
Quadro K420,NVIDIA,GPU,2014,30000.00,1099511628,28512000000,876.0,891.0,128.0
Quadro K5000 Mac Edition,NVIDIA,GPU,2012,899.00,4294967296,86400000000,706.0,1350.0,256.0
Quadro K5000 SYNC,NVIDIA,GPU,2013,899.00,4294967296,86400000000,706.0,1350.0,256.0
Quadro K5000M,NVIDIA,GPU,2012,499.00,4294967296,48000000000,601.0,750.0,256.0
Quadro K5000,NVIDIA,GPU,2012,299.00,4294967296,86400000000,706.0,1350.0,256.0
Quadro K500M,NVIDIA,GPU,2012,6999.00,1099511628,12800000000,850.0,800.0,64.0
Quadro K5100M,NVIDIA,GPU,2013,20000.00,8589934592,57600000000,771.0,900.0,256.0
Quadro K510M,NVIDIA,GPU,2013,2499.00,1099511628,9600000000,889.0,600.0,64.0
Quadro K5200,NVIDIA,GPU,2014,9999.00,8589934592,96128000000,667.0,1502.0,256.0
Quadro K6000 SDI,NVIDIA,GPU,2013,12000.00,12884901888,144192000000,902.0,1502.0,384.0
Quadro K6000,NVIDIA,GPU,2013,1199.00,12884901888,144192000000,797.0,1502.0,384.0
Quadro K600,NVIDIA,GPU,2013,6999.00,1099511628,28512000000,876.0,891.0,128.0
Quadro K610M,NVIDIA,GPU,2013,35000.00,1099511628,10400000000,980.0,650.0,64.0
Quadro K620M,NVIDIA,GPU,2015,4999.00,2147483648,14400000000,1029.0,900.0,64.0
Quadro K620,NVIDIA,GPU,2014,15000.00,2147483648,28800000000,1058.0,900.0,128.0
Quadro M1000M,NVIDIA,GPU,2015,40000.00,2147483648,40096000000,993.0,1253.0,128.0
Quadro M1200 Mobile,NVIDIA,GPU,2017,699.00,4294967296,40096000000,991.0,1253.0,128.0
Quadro M2000M,NVIDIA,GPU,2015,299.00,4294967296,40096000000,1029.0,1253.0,128.0
Quadro M2000,NVIDIA,GPU,2016,1999.00,4294967296,52896000000,796.0,1653.0,128.0
Quadro M2200 Mobile,NVIDIA,GPU,2017,1999.00,4294967296,44064000000,695.0,1377.0,128.0
Quadro M3000 SE,NVIDIA,GPU,2016,699.00,4294967296,80192000000,823.0,1253.0,256.0
Quadro M3000M,NVIDIA,GPU,2015,399.00,4294967296,80192000000,1050.0,1253.0,256.0
Quadro M4000M,NVIDIA,GPU,2015,9999.00,4294967296,80192000000,975.0,1253.0,256.0
Quadro M4000,NVIDIA,GPU,2015,15000.00,8589934592,96128000000,773.0,1502.0,256.0
Quadro M5000M,NVIDIA,GPU,2015,1999.00,8589934592,80192000000,975.0,1253.0,256.0
Quadro M5000,NVIDIA,GPU,2015,9999.00,8589934592,105792000000,861.0,1653.0,256.0
Quadro M500M,NVIDIA,GPU,2016,1999.00,2147483648,14400000000,1029.0,900.0,64.0
Quadro M520 Mobile,NVIDIA,GPU,2017,399.00,2147483648,20048000000,1041.0,1253.0,64.0
Quadro M5500 Mobile,NVIDIA,GPU,2016,6999.00,8589934592,112192000000,1140.0,1753.0,256.0
Quadro M6000 24 GB,NVIDIA,GPU,2016,30000.00,25769803776,158688000000,988.0,1653.0,384.0
Quadro M6000,NVIDIA,GPU,2015,35000.00,12884901888,158688000000,988.0,1653.0,384.0
Quadro M600M,NVIDIA,GPU,2015,12000.00,2147483648,40096000000,837.0,1253.0,128.0
Quadro M620 Mobile,NVIDIA,GPU,2017,30000.00,2147483648,40096000000,756.0,1253.0,128.0
Quadro NVS 110M,NVIDIA,GPU,2006,299.00,549755814,4800000000,300.0,300.0,64.0
Quadro NVS 120M,NVIDIA,GPU,2006,399.00,549755814,11200000000,450.0,700.0,64.0
Quadro NVS 130M,NVIDIA,GPU,2007,3499.00,274877907,11200000000,400.0,700.0,64.0
Quadro NVS 135M,NVIDIA,GPU,2007,30000.00,274877907,9504000000,400.0,594.0,64.0
Quadro NVS 140M,NVIDIA,GPU,2007,499.00,549755814,9600000000,400.0,600.0,64.0
Quadro NVS 150M,NVIDIA,GPU,2008,399.00,274877907,11200000000,530.0,700.0,64.0
Quadro NVS 160M,NVIDIA,GPU,2008,3499.00,274877907,11200000000,580.0,700.0,64.0
Quadro NVS 210S,NVIDIA,GPU,2003,1999.00,2147483648,40096000000,40.0,40.0,128.0
Quadro NVS 280 AGP,NVIDIA,GPU,2004,12000.00,68719477,8000000000,275.0,250.0,128.0
Quadro NVS 280 PCI,NVIDIA,GPU,2003,20000.00,68719477,4000000000,275.0,250.0,64.0
Quadro NVS 280 SD,NVIDIA,GPU,2005,1199.00,68719477,3200000000,250.0,200.0,64.0
Quadro NVS 280 PCIe,NVIDIA,GPU,2004,35000.00,68719477,8000000000,275.0,250.0,128.0
Quadro NVS 285,NVIDIA,GPU,2006,15000.00,137438953,4800000000,275.0,300.0,64.0
Quadro NVS 290,NVIDIA,GPU,2007,1199.00,274877907,6400000000,459.0,400.0,64.0
Quadro NVS 295,NVIDIA,GPU,2009,9999.00,274877907,11120000000,540.0,695.0,64.0
Quadro NVS 300M,NVIDIA,GPU,2006,35000.00,274877907,22400000000,500.0,700.0,128.0
Quadro NVS 320M,NVIDIA,GPU,2007,6999.00,549755814,22400000000,575.0,700.0,128.0
Quadro NVS 420,NVIDIA,GPU,2009,899.00,274877907,11200000000,550.0,700.0,64.0
Quadro NVS 440,NVIDIA,GPU,2006,35000.00,137438953,8000000000,250.0,250.0,128.0
Quadro NVS 450,NVIDIA,GPU,2008,15000.00,274877907,11200000000,480.0,700.0,64.0
Quadro NVS 50 PCI,NVIDIA,GPU,2005,1499.00,68719477,3200000000,250.0,200.0,64.0
Quadro NVS 510M,NVIDIA,GPU,2006,15000.00,274877907,19200000000,450.0,600.0,128.0
Quadro NVS 55 PCI,NVIDIA,GPU,2005,12000.00,68719477,3200000000,250.0,200.0,64.0
Quadro P1000 Mobile,NVIDIA,GPU,2017,40000.00,4294967296,48064000000,1303.0,1502.0,128.0
Quadro P1000,NVIDIA,GPU,2017,1499.00,4294967296,40096000000,1266.0,1253.0,128.0
Quadro P2000 Mobile,NVIDIA,GPU,2017,399.00,4294967296,48064000000,1557.0,1502.0,128.0
Quadro P2000 Mobile,NVIDIA,GPU,2019,1499.00,4026531840,48064000000,1291.0,1502.0,128.0
Quadro P2000,NVIDIA,GPU,2017,30000.00,5368709120,70080000000,1076.0,1752.0,160.0
Quadro P2200,NVIDIA,GPU,2019,40000.00,5368709120,50040000000,1000.0,1251.0,160.0
Quadro P3000 Mobile,NVIDIA,GPU,2017,35000.00,6442450944,84144000000,1088.0,1753.0,192.0
Quadro P3200 Max-Q,NVIDIA,GPU,2018,12000.00,6442450944,84144000000,1139.0,1753.0,192.0
Quadro P3200 Mobile,NVIDIA,GPU,2018,40000.00,6442450944,84144000000,1328.0,1753.0,192.0
Quadro P4000 Max-Q,NVIDIA,GPU,2017,9999.00,8589934592,96128000000,1114.0,1502.0,256.0
Quadro P4000 Mobile,NVIDIA,GPU,2017,1199.00,8589934592,96128000000,1227.0,1502.0,256.0
Quadro P4000,NVIDIA,GPU,2017,30000.00,8589934592,121664000000,1202.0,1901.0,256.0
Quadro P400,NVIDIA,GPU,2017,299.00,2147483648,16032000000,1228.0,1002.0,64.0
Quadro P4200 Mobile,NVIDIA,GPU,2018,20000.00,8589934592,96128000000,1227.0,1502.0,256.0
Quadro P500 Mobile,NVIDIA,GPU,2018,1499.00,2147483648,20048000000,1455.0,1253.0,64.0
Quadro P5000 Mobile,NVIDIA,GPU,2017,20000.00,17179869184,96128000000,1278.0,1502.0,256.0
Quadro P5000,NVIDIA,GPU,2016,35000.00,17179869184,72128000000,1607.0,1127.0,256.0
Quadro P520 Mobile,NVIDIA,GPU,2019,30000.00,2147483648,24032000000,1303.0,1502.0,64.0
Quadro P5200 Max-Q,NVIDIA,GPU,2018,399.00,17179869184,115456000000,1316.0,1804.0,256.0
Quadro P5200 Mobile,NVIDIA,GPU,2018,30000.00,17179869184,115456000000,1557.0,1804.0,256.0
Quadro P600 Mobile,NVIDIA,GPU,2017,1499.00,4294967296,40096000000,1430.0,1253.0,128.0
Quadro P6000,NVIDIA,GPU,2016,399.00,25769803776,108192000000,1506.0,1127.0,384.0
Quadro P600,NVIDIA,GPU,2017,899.00,2147483648,32064000000,1329.0,1002.0,128.0
Quadro P620 Mobile,NVIDIA,GPU,2018,399.00,4294967296,48064000000,1177.0,1502.0,128.0
Quadro P620,NVIDIA,GPU,2018,1999.00,2147483648,40064000000,1266.0,1252.0,128.0
Quadro Plex 1000 Model II,NVIDIA,GPU,2008,30000.00,549755814,33600000000,470.0,525.0,256.0
Quadro Plex 1000 Model IV,NVIDIA,GPU,2008,1999.00,1649267442,76800000000,600.0,800.0,384.0
Quadro Plex 2100 D4,NVIDIA,GPU,2008,9999.00,1099511628,51200000000,500.0,800.0,256.0
Quadro Plex 2100 S4,NVIDIA,GPU,2008,40000.00,1649267442,76800000000,600.0,800.0,384.0
Quadro Plex 2200 D2,NVIDIA,GPU,2008,25000.00,4294967296,102400000000,648.0,800.0,512.0
Quadro Plex 2200 S4,NVIDIA,GPU,2008,6999.00,4294967296,102400000000,648.0,800.0,512.0
Quadro Plex 7000,NVIDIA,GPU,2011,1199.00,6442450944,72000000000,574.0,750.0,384.0
Quadro RTX 3000 Max-Q,NVIDIA,GPU,2019,699.00,6442450944,72000000000,600.0,1500.0,192.0
Quadro RTX 3000 Mobile Refresh,NVIDIA,GPU,2019,30000.00,6442450944,84000000000,945.0,1750.0,192.0
Quadro RTX 3000 Mobile,NVIDIA,GPU,2019,9999.00,6442450944,84000000000,945.0,1750.0,192.0
Quadro RTX 4000 Max-Q,NVIDIA,GPU,2019,30000.00,8589934592,104000000000,780.0,1625.0,256.0
Quadro RTX 4000 Mobile,NVIDIA,GPU,2019,35000.00,8589934592,112000000000,1110.0,1750.0,256.0
Quadro RTX 4000,NVIDIA,GPU,2018,12000.00,8589934592,104000000000,1005.0,1625.0,256.0
Quadro RTX 5000 Max-Q,NVIDIA,GPU,2019,6999.00,17179869184,96000000000,600.0,1500.0,256.0
Quadro RTX 5000 Mobile Refresh,NVIDIA,GPU,2020,1999.00,17179869184,112000000000,1035.0,1750.0,256.0
Quadro RTX 5000 Mobile,NVIDIA,GPU,2019,699.00,17179869184,112000000000,1365.0,1750.0,256.0
Quadro RTX 5000,NVIDIA,GPU,2018,30000.00,17179869184,112000000000,1620.0,1750.0,256.0
Quadro RTX 6000 Mobile,NVIDIA,GPU,2020,30000.00,25769803776,168000000000,1275.0,1750.0,384.0
Quadro RTX 6000 Passive,NVIDIA,GPU,2018,399.00,25769803776,168000000000,1305.0,1750.0,384.0
Quadro RTX 6000,NVIDIA,GPU,2018,40000.00,25769803776,168000000000,1440.0,1750.0,384.0
Quadro RTX 8000 Passive,NVIDIA,GPU,2018,40000.00,51539607552,168000000000,1230.0,1750.0,384.0
Quadro RTX 8000,NVIDIA,GPU,2018,3499.00,51539607552,168000000000,1395.0,1750.0,384.0
Quadro T1000 Max-Q,NVIDIA,GPU,2019,6999.00,4294967296,40000000000,765.0,1250.0,128.0
Quadro T1000 Mobile GDDR6,NVIDIA,GPU,2020,40000.00,4294967296,48000000000,1395.0,1500.0,128.0
Quadro T1000 Mobile,NVIDIA,GPU,2019,1999.00,4294967296,64032000000,1395.0,2001.0,128.0
Quadro T1200 Mobile,NVIDIA,GPU,2021,1199.00,4294967296,40000000000,855.0,1250.0,128.0
Quadro T2000 Max-Q,NVIDIA,GPU,2019,15000.00,4294967296,56032000000,1200.0,1751.0,128.0
Quadro T2000 Mobile,NVIDIA,GPU,2019,899.00,4294967296,64032000000,1575.0,2001.0,128.0
Quadro VX 200,NVIDIA,GPU,2008,30000.00,549755814,51200000000,450.0,800.0,256.0
Quadro2 Go,NVIDIA,GPU,2001,399.00,34359738,2896000000,143.0,181.0,64.0
Quadro2 MXR Low Profile,NVIDIA,GPU,2000,35000.00,34359738,5856000000,200.0,183.0,128.0
Quadro2 MXR,NVIDIA,GPU,2000,25000.00,34359738,5856000000,200.0,183.0,128.0
Quadro2 Pro,NVIDIA,GPU,2001,399.00,68719477,8000000000,200.0,250.0,128.0
Quadro4 100 NVS PCI,NVIDIA,GPU,2003,12000.00,68719477,5312000000,250.0,166.0,128.0
Quadro4 100 NVS,NVIDIA,GPU,2003,20000.00,68719477,5312000000,250.0,166.0,128.0
Quadro4 200 NVS,NVIDIA,GPU,2003,20000.00,68719477,8000000000,250.0,250.0,128.0
Quadro4 380 XGL,NVIDIA,GPU,2002,4999.00,137438953,8192000000,275.0,256.0,128.0
Quadro4 400 NVS PCI,NVIDIA,GPU,2004,3499.00,68719477,5312000000,220.0,166.0,128.0
Quadro4 500 Go GL,NVIDIA,GPU,2002,1499.00,68719477,7040000000,220.0,220.0,128.0
Quadro4 500 XGL,NVIDIA,GPU,2002,20000.00,137438953,5312000000,250.0,166.0,128.0
Quadro4 550 XGL,NVIDIA,GPU,2002,499.00,68719477,6400000000,270.0,200.0,128.0
Quadro4 580 XGL,NVIDIA,GPU,2002,15000.00,68719477,6400000000,300.0,200.0,128.0
Quadro4 700 Go GL,NVIDIA,GPU,2003,4999.00,68719477,7136000000,199.0,223.0,128.0
Quadro4 700 XGL,NVIDIA,GPU,2002,20000.00,68719477,7200000000,275.0,225.0,128.0
Quadro4 750 XGL,NVIDIA,GPU,2002,1999.00,137438953,7200000000,275.0,225.0,128.0
Quadro4 900 XGL,NVIDIA,GPU,2002,399.00,137438953,10400000000,300.0,325.0,128.0
Quadro4 980 XGL,NVIDIA,GPU,2002,20000.00,137438953,10400000000,300.0,325.0,128.0
Quadro,NVIDIA,GPU,1999,35000.00,34359738,5312000000,135.0,166.0,128.0
Radeon R2 Mobile Graphics,AMD,GPU,2015,9999.00,2147483648,48000000000,199.0,223.0,128.0
Radeon R2 Mobile Graphics,AMD,GPU,2016,699.00,2147483648,48000000000,250.0,250.0,128.0
Radeon R3 Mobile Graphics,AMD,GPU,2015,35000.00,2147483648,48000000000,300.0,225.0,128.0
Radeon R3 Mobile Graphics,AMD,GPU,2016,499.00,2147483648,48000000000,200.0,250.0,128.0
Radeon R3E Mobile Graphics,AMD,GPU,2015,30000.00,2147483648,48000000000,275.0,225.0,128.0
Radeon R4 Mobile Graphics,AMD,GPU,2014,1999.00,2147483648,48000000000,275.0,200.0,128.0
Radeon R4 Mobile Graphics,AMD,GPU,2016,399.00,2147483648,48000000000,200.0,250.0,128.0
Radeon R5 220 OEM,AMD,GPU,2013,6999.00,1099511628,8528000000,650.0,533.0,64.0
Radeon R5 230 OEM,AMD,GPU,2013,9999.00,1099511628,10672000000,625.0,667.0,64.0
Radeon R5 230,AMD,GPU,2014,299.00,1099511628,10672000000,625.0,667.0,64.0
Radeon R5 235 OEM,AMD,GPU,2013,1999.00,1099511628,14400000000,775.0,900.0,64.0
Radeon R5 235X OEM,AMD,GPU,2013,25000.00,1099511628,14400000000,875.0,900.0,64.0
Radeon R5 240 OEM,AMD,GPU,2013,499.00,2147483648,14400000000,730.0,900.0,64.0
Radeon R5 310 OEM,AMD,GPU,2015,20000.00,2147483648,12880000000,775.0,805.0,64.0
Radeon R5 330 OEM,AMD,GPU,2015,3499.00,2147483648,14400000000,830.0,900.0,64.0
Radeon R5 340 OEM,AMD,GPU,2015,15000.00,1099511628,18400000000,730.0,1150.0,64.0
Radeon R5 340X OEM,AMD,GPU,2015,30000.00,2147483648,16000000000,900.0,1000.0,64.0
Radeon R5 430 OEM,AMD,GPU,2016,4999.00,2147483648,18400000000,730.0,1150.0,64.0
Radeon R5 435 OEM,AMD,GPU,2016,699.00,2147483648,16000000000,1030.0,1000.0,64.0
Radeon R5 A220,AMD,GPU,2014,30000.00,1099511628,14400000000,775.0,900.0,64.0
Radeon R5 A230,AMD,GPU,2014,1499.00,4294967296,16000000000,780.0,1000.0,64.0
Radeon R5 A240,AMD,GPU,2014,25000.00,2147483648,28800000000,730.0,900.0,128.0
Radeon R5 A255,AMD,GPU,2014,6999.00,1099511628,32000000000,925.0,1000.0,128.0
Radeon R5 A320,AMD,GPU,2015,1199.00,1099511628,16000000000,750.0,1000.0,64.0
Radeon R5 A330,AMD,GPU,2015,25000.00,2147483648,14400000000,1030.0,900.0,64.0
Radeon R5 A335,AMD,GPU,2015,499.00,2147483648,14400000000,1070.0,900.0,64.0
Radeon R5 Graphics,AMD,GPU,2014,399.00,2147483648,48000000000,270.0,200.0,128.0
Radeon R5 Graphics,AMD,GPU,2017,3499.00,2147483648,48000000000,350.0,250.0,128.0
Radeon R5 M230 Rebrand,AMD,GPU,2013,25000.00,2147483648,14400000000,750.0,900.0,64.0
Radeon R5 M230 Rebrand,AMD,GPU,2014,3499.00,2147483648,14400000000,780.0,900.0,64.0
Radeon R5 M230,AMD,GPU,2014,9999.00,4294967296,16000000000,825.0,1000.0,64.0
Radeon R5 M240 Rebrand,AMD,GPU,2014,25000.00,1099511628,14400000000,650.0,900.0,64.0
Radeon R5 M240,AMD,GPU,2014,1999.00,1099511628,14400000000,1000.0,900.0,64.0
Radeon R5 M250,AMD,GPU,2014,4999.00,1099511628,14400000000,650.0,900.0,64.0
Radeon R5 M255,AMD,GPU,2014,3499.00,1099511628,32000000000,925.0,1000.0,128.0
Radeon R5 M315,AMD,GPU,2015,4999.00,2147483648,14400000000,970.0,900.0,64.0
Radeon R5 M320,AMD,GPU,2015,40000.00,4294967296,16000000000,780.0,1000.0,64.0
Radeon R5 M330,AMD,GPU,2015,4999.00,2147483648,14400000000,955.0,900.0,64.0
Radeon R5 M335,AMD,GPU,2015,1199.00,2147483648,14400000000,1070.0,900.0,64.0
Radeon R5 M420,AMD,GPU,2016,1199.00,4294967296,16000000000,780.0,1000.0,64.0
Radeon R5 M430,AMD,GPU,2016,699.00,4294967296,14400000000,1030.0,900.0,64.0
Radeon R5 M435,AMD,GPU,2016,9999.00,2147483648,18000000000,780.0,1125.0,64.0
Radeon R5 M445,AMD,GPU,2016,1999.00,4294967296,16000000000,920.0,1000.0,64.0
Radeon R5 M465,AMD,GPU,2016,3499.00,4294967296,16000000000,1000.0,1000.0,64.0
Radeon R5 Mobile Graphics,AMD,GPU,2014,899.00,2147483648,48000000000,300.0,200.0,128.0
Radeon R5 Mobile Graphics,AMD,GPU,2015,4999.00,2147483648,48000000000,275.0,225.0,128.0
Radeon R5 Mobile Graphics,AMD,GPU,2016,1499.00,2147483648,48000000000,200.0,250.0,128.0
Radeon R6 M255DX,AMD,GPU,2014,699.00,2147483648,48000000000,250.0,200.0,128.0
Radeon R6 M335DX,AMD,GPU,2015,2499.00,2147483648,48000000000,450.0,225.0,128.0
Radeon R6 M340DX,AMD,GPU,2015,399.00,2147483648,48000000000,300.0,225.0,128.0
Radeon R6 M435DX,AMD,GPU,2016,399.00,2147483648,48000000000,200.0,250.0,128.0
Radeon R6 Mobile Graphics,AMD,GPU,2014,4999.00,2147483648,48000000000,250.0,200.0,128.0
Radeon R6 Mobile Graphics,AMD,GPU,2015,35000.00,2147483648,48000000000,250.0,230.0,128.0
Radeon R7 240 OEM,AMD,GPU,2013,6999.00,2147483648,28800000000,730.0,900.0,128.0
Radeon R7 240,AMD,GPU,2013,699.00,2147483648,28800000000,730.0,900.0,128.0
Radeon R7 250 OEM,AMD,GPU,2013,399.00,2147483648,32000000000,1000.0,1000.0,128.0
Radeon R7 250E,AMD,GPU,2013,6999.00,1099511628,36000000000,800.0,1125.0,128.0
Radeon R7 250XE,AMD,GPU,2014,4999.00,1099511628,36000000000,860.0,1125.0,128.0
Radeon R7 250X,AMD,GPU,2014,35000.00,1099511628,36000000000,950.0,1125.0,128.0
Radeon R7 250,AMD,GPU,2013,399.00,1099511628,28800000000,925.0,900.0,128.0
Radeon R7 260X,AMD,GPU,2013,15000.00,2147483648,52000000000,1100.0,1625.0,128.0
Radeon R7 260,AMD,GPU,2013,6999.00,2147483648,48000000000,1000.0,1500.0,128.0
Radeon R7 265X OEM,AMD,GPU,2014,20000.00,2147483648,89600000000,900.0,1400.0,256.0
Radeon R7 265,AMD,GPU,2014,399.00,2147483648,89600000000,900.0,1400.0,256.0
Radeon R7 340 OEM,AMD,GPU,2015,12000.00,2147483648,28800000000,730.0,900.0,128.0
Radeon R7 350 640SP,AMD,GPU,2019,1999.00,2147483648,36000000000,925.0,1125.0,128.0
Radeon R7 350 OEM,AMD,GPU,2015,20000.00,2147483648,36800000000,1000.0,1150.0,128.0
Radeon R7 350X OEM,AMD,GPU,2015,20000.00,4294967296,32000000000,1000.0,1000.0,128.0
Radeon R7 350,AMD,GPU,2016,899.00,2147483648,36000000000,800.0,1125.0,128.0
Radeon R7 360 896SP,AMD,GPU,2015,3499.00,2147483648,48000000000,1100.0,1500.0,128.0
Radeon R7 360E,AMD,GPU,2015,1999.00,2147483648,48000000000,1050.0,1500.0,128.0
Radeon R7 360,AMD,GPU,2015,499.00,2147483648,48000000000,1000.0,1500.0,128.0
Radeon R7 370,AMD,GPU,2015,15000.00,2147483648,89600000000,925.0,1400.0,256.0
Radeon R7 430 OEM,AMD,GPU,2016,12000.00,2147483648,28800000000,730.0,900.0,128.0
Radeon R7 435 OEM,AMD,GPU,2016,499.00,2147483648,16000000000,920.0,1000.0,64.0
Radeon R7 450 OEM,AMD,GPU,2016,9999.00,2147483648,36000000000,925.0,1125.0,128.0
Radeon R7 A260,AMD,GPU,2014,25000.00,1099511628,28800000000,900.0,900.0,128.0
Radeon R7 A265,AMD,GPU,2014,1199.00,2147483648,28800000000,725.0,900.0,128.0
Radeon R7 A360,AMD,GPU,2015,499.00,2147483648,14400000000,1100.0,900.0,64.0
Radeon R7 Graphics,AMD,GPU,2014,20000.00,2147483648,48000000000,250.0,200.0,128.0
Radeon R7 M260DX,AMD,GPU,2014,499.00,2147483648,48000000000,200.0,200.0,128.0
Radeon R7 M260X,AMD,GPU,2015,35000.00,1099511628,32000000000,620.0,1000.0,128.0
Radeon R7 M260,AMD,GPU,2014,2499.00,2147483648,14400000000,940.0,900.0,64.0
Radeon R7 M265DX,AMD,GPU,2014,699.00,2147483648,48000000000,250.0,200.0,128.0
Radeon R7 M265,AMD,GPU,2014,699.00,2147483648,14400000000,900.0,900.0,64.0
Radeon R7 M270DX,AMD,GPU,2014,40000.00,2147483648,48000000000,250.0,200.0,128.0
Radeon R7 M270,AMD,GPU,2014,6999.00,2147483648,28800000000,725.0,900.0,128.0
Radeon R7 M340,AMD,GPU,2015,399.00,2147483648,16000000000,943.0,1000.0,64.0
Radeon R7 M350,AMD,GPU,2015,6999.00,4294967296,16000000000,1000.0,1000.0,64.0
Radeon R7 M360,AMD,GPU,2015,35000.00,2147483648,14400000000,1100.0,900.0,64.0
Radeon R7 M365X,AMD,GPU,2015,2499.00,1099511628,32000000000,900.0,1000.0,128.0
Radeon R7 M370,AMD,GPU,2015,1199.00,4294967296,36800000000,900.0,1150.0,128.0
Radeon R7 M380,AMD,GPU,2015,2499.00,4294967296,32000000000,900.0,1000.0,128.0
Radeon R7 M440,AMD,GPU,2016,12000.00,4294967296,14400000000,891.0,900.0,64.0
Radeon R7 M445,AMD,GPU,2016,899.00,4294967296,16000000000,780.0,1000.0,64.0
Radeon R7 M460,AMD,GPU,2016,20000.00,2147483648,14400000000,1100.0,900.0,64.0
Radeon R7 M465X,AMD,GPU,2016,1499.00,2147483648,36000000000,900.0,1125.0,128.0
Radeon R7 M465,AMD,GPU,2016,1999.00,2147483648,14400000000,1100.0,900.0,64.0
Radeon R7 Mobile Graphics,AMD,GPU,2014,30000.00,2147483648,48000000000,250.0,200.0,128.0
Radeon R7 Mobile Graphics,AMD,GPU,2015,30000.00,2147483648,48000000000,200.0,230.0,128.0
Radeon R8 M350DX,AMD,GPU,2015,1499.00,2147483648,48000000000,200.0,230.0,128.0
Radeon R8 M365DX,AMD,GPU,2015,9999.00,2147483648,48000000000,290.0,230.0,128.0
Radeon R8 M435DX,AMD,GPU,2016,35000.00,2147483648,48000000000,200.0,250.0,128.0
Radeon R8 M445DX,AMD,GPU,2016,499.00,2147483648,48000000000,275.0,250.0,128.0
Radeon R8 M535DX,AMD,GPU,2017,25000.00,2147483648,48000000000,350.0,250.0,128.0
Radeon R9 255 OEM,AMD,GPU,2013,6999.00,2147483648,36800000000,900.0,1150.0,128.0
Radeon R9 260 OEM,AMD,GPU,2013,4999.00,1099511628,52000000000,1100.0,1625.0,128.0
Radeon R9 270 1024SP,AMD,GPU,2015,30000.00,2147483648,76800000000,900.0,1200.0,256.0
Radeon R9 270X,AMD,GPU,2013,1199.00,2147483648,89600000000,1000.0,1400.0,256.0
Radeon R9 270,AMD,GPU,2013,12000.00,2147483648,89600000000,900.0,1400.0,256.0
Radeon R9 280X2,AMD,GPU,2013,3499.00,3221225472,144000000000,950.0,1500.0,384.0
Radeon R9 280X,AMD,GPU,2013,30000.00,3221225472,144000000000,850.0,1500.0,384.0
Radeon R9 280,AMD,GPU,2014,299.00,3221225472,120000000000,827.0,1250.0,384.0
Radeon R9 285X,AMD,GPU,,1499.00,3221225472,132000000000,1002.0,1375.0,384.0
Radeon R9 285,AMD,GPU,2014,4999.00,2147483648,88000000000,918.0,1375.0,256.0
Radeon R9 290X2,AMD,GPU,2014,1199.00,4294967296,172800000000,1000.0,1350.0,512.0
Radeon R9 290X,AMD,GPU,2013,1199.00,4294967296,160000000000,1000.0,1250.0,512.0
Radeon R9 290,AMD,GPU,2013,3499.00,4294967296,160000000000,947.0,1250.0,512.0
Radeon R9 295X2,AMD,GPU,2014,6999.00,4294967296,160000000000,1018.0,1250.0,512.0
Radeon R9 360 OEM,AMD,GPU,2015,40000.00,2147483648,52000000000,1000.0,1625.0,128.0
Radeon R9 370 1024SP,AMD,GPU,2015,899.00,2147483648,89600000000,925.0,1400.0,256.0
Radeon R9 370X,AMD,GPU,2015,40000.00,2147483648,89600000000,980.0,1400.0,256.0
Radeon R9 370,AMD,GPU,2015,399.00,2147483648,89600000000,925.0,1400.0,256.0
Radeon R9 380 OEM,AMD,GPU,2015,20000.00,4294967296,88000000000,918.0,1375.0,256.0
Radeon R9 380X,AMD,GPU,2015,40000.00,4294967296,91200000000,970.0,1425.0,256.0
Radeon R9 380,AMD,GPU,2015,499.00,2147483648,88000000000,970.0,1375.0,256.0
Radeon R9 390 X2,AMD,GPU,2015,3499.00,8589934592,172800000000,1000.0,1350.0,512.0
Radeon R9 390X,AMD,GPU,2015,899.00,8589934592,192000000000,1050.0,1500.0,512.0
Radeon R9 390,AMD,GPU,2015,3499.00,8589934592,192000000000,1000.0,1500.0,512.0
Radeon R9 A375,AMD,GPU,2015,399.00,2147483648,36000000000,900.0,1125.0,128.0
Radeon R9 FURY X2,AMD,GPU,,1199.00,4294967296,512000000000,1050.0,500.0,4096.0
Radeon R9 FURY X,AMD,GPU,2015,1999.00,4294967296,512000000000,1050.0,500.0,4096.0
Radeon R9 FURY,AMD,GPU,2015,299.00,4294967296,512000000000,1000.0,500.0,4096.0
Radeon R9 M265X,AMD,GPU,2014,12000.00,2147483648,32000000000,575.0,1000.0,128.0
Radeon R9 M270X,AMD,GPU,2014,35000.00,2147483648,32000000000,725.0,1000.0,128.0
Radeon R9 M270X,AMD,GPU,2015,15000.00,2147483648,44000000000,900.0,1375.0,128.0
Radeon R9 M275X,AMD,GPU,2014,699.00,2147483648,36000000000,900.0,1125.0,128.0
Radeon R9 M275,AMD,GPU,2014,9999.00,2147483648,32000000000,900.0,1000.0,128.0
Radeon R9 M280X,AMD,GPU,2015,15000.00,4294967296,44000000000,900.0,1375.0,128.0
Radeon R9 M290X Mac Edition,AMD,GPU,2014,12000.00,2147483648,87360000000,850.0,1365.0,256.0
Radeon R9 M290X,AMD,GPU,2014,3499.00,4294967296,76800000000,850.0,1200.0,256.0
Radeon R9 M295X Mac Edition,AMD,GPU,2014,899.00,4294967296,87168000000,850.0,1362.0,256.0
Radeon R9 M295X,AMD,GPU,2014,2499.00,4294967296,80000000000,723.0,1250.0,256.0
Radeon R9 M360,AMD,GPU,2015,1999.00,4294967296,36000000000,900.0,1125.0,128.0
Radeon R9 M365X,AMD,GPU,2015,1499.00,4294967296,36000000000,900.0,1125.0,128.0
Radeon R9 M370X Mac Edition,AMD,GPU,2015,40000.00,2147483648,36000000000,775.0,1125.0,128.0
Radeon R9 M375X,AMD,GPU,2015,25000.00,2147483648,36000000000,925.0,1125.0,128.0
Radeon R9 M375,AMD,GPU,2015,35000.00,2147483648,28800000000,1000.0,900.0,128.0
Radeon R9 M380 Mac Edition,AMD,GPU,2015,4999.00,2147483648,50176000000,900.0,1568.0,128.0
Radeon R9 M380,AMD,GPU,2015,499.00,4294967296,48000000000,900.0,1500.0,128.0
Radeon R9 M385X,AMD,GPU,2015,25000.00,4294967296,38400000000,1000.0,1200.0,128.0
Radeon R9 M385,AMD,GPU,2015,3499.00,4294967296,38400000000,900.0,1200.0,128.0
Radeon R9 M390 Mac Edition,AMD,GPU,2015,35000.00,2147483648,87360000000,958.0,1365.0,256.0
Radeon R9 M390X,AMD,GPU,2015,9999.00,4294967296,80000000000,723.0,1250.0,256.0
Radeon R9 M395 Mac Edition,AMD,GPU,2015,20000.00,2147483648,87360000000,834.0,1365.0,256.0
Radeon R9 M395X Mac Edition,AMD,GPU,2015,4999.00,4294967296,87360000000,909.0,1365.0,256.0
Radeon R9 M395X,AMD,GPU,2015,699.00,8589934592,80000000000,723.0,1250.0,256.0
Radeon R9 M470X,AMD,GPU,2016,9999.00,4294967296,48000000000,1000.0,1500.0,128.0
Radeon R9 M470,AMD,GPU,2016,299.00,4294967296,48000000000,900.0,1500.0,128.0
Radeon R9 M485X,AMD,GPU,2016,1999.00,8589934592,80000000000,723.0,1250.0,256.0
Radeon R9 Nano,AMD,GPU,2015,1499.00,4294967296,512000000000,1000.0,500.0,4096.0
Rage 128 GL PCI,Ati,GPU,1998,899.00,34359738,3296000000,103.0,103.0,128.0
Rage 128 GL,Ati,GPU,1998,399.00,34359738,1920000000,80.0,60.0,128.0
Rage 128 PRO Ultra GL,Ati,GPU,1998,6999.00,17179869,2080000000,130.0,130.0,64.0
Rage 128 PRO Ultra,Ati,GPU,1999,25000.00,34359738,2080000000,130.0,130.0,64.0
Rage 128 PRO,Ati,GPU,1999,299.00,34359738,4576000000,118.0,143.0,128.0
Rage 128 Ultra,Ati,GPU,1999,4999.00,17179869,2080000000,130.0,130.0,64.0
Rage 128 VR AGP,Ati,GPU,1998,9999.00,34359738,2000000000,80.0,125.0,64.0
Rage 128 VR PCI,Ati,GPU,1998,30000.00,34359738,2000000000,80.0,125.0,64.0
Rage Fury MAXX,Ati,GPU,1999,4999.00,34359738,4576000000,125.0,143.0,128.0
Rage Fury,Ati,GPU,1999,25000.00,34359738,3840000000,80.0,120.0,128.0
Rage LT PRO AGP,Ati,GPU,1997,35000.00,8589935,1600000000,75.0,100.0,64.0
Rage Mobility 128,Ati,GPU,1999,40000.00,17179869,1680000000,105.0,105.0,64.0
Rage Mobility-CL,Ati,GPU,1999,30000.00,8589935,1120000000,75.0,70.0,64.0
Rage Mobility-M1,Ati,GPU,1999,3499.00,8589935,2000000000,83.0,125.0,64.0
Rage Mobility-M3,Ati,GPU,1999,12000.00,8589935,1680000000,105.0,105.0,64.0
Rage Mobility-M4,Ati,GPU,1999,35000.00,17179869,1680000000,105.0,105.0,64.0
Rage Mobility-M,Ati,GPU,1999,499.00,4294967,1120000000,75.0,70.0,64.0
Rage Mobility-P,Ati,GPU,1999,899.00,8589935,1120000000,75.0,70.0,64.0
Rage PRO Turbo AGP,Ati,GPU,1997,499.00,4294967,1200000000,75.0,75.0,64.0
Rage PRO Turbo PCI,Ati,GPU,1997,25000.00,8589935,1200000000,75.0,75.0,64.0
Rage XL PCI,Ati,GPU,1998,25000.00,8589935,1328000000,125.0,83.0,64.0
Rage XL PCI,Ati,GPU,1999,1499.00,8589935,664000000,83.0,83.0,32.0
Riva 128 PCI,NVIDIA,GPU,1997,1199.00,4294967,3200000000,100.0,100.0,128.0
Riva 128ZX,NVIDIA,GPU,1998,1999.00,8589935,3200000000,100.0,100.0,128.0
Riva 128,NVIDIA,GPU,1997,3499.00,4294967,3200000000,100.0,100.0,128.0
Riva TNT2 M64 Vanta-16,NVIDIA,GPU,1999,9999.00,17179869,2128000000,100.0,133.0,64.0
Riva TNT2 M64 Vanta,NVIDIA,GPU,1999,9999.00,17179869,2128000000,100.0,133.0,64.0
Riva TNT2 M64,NVIDIA,GPU,1999,15000.00,17179869,2288000000,125.0,143.0,64.0
Riva TNT2 PRO,NVIDIA,GPU,1999,499.00,34359738,5344000000,143.0,167.0,128.0
Riva TNT2 Ultra,NVIDIA,GPU,1999,15000.00,34359738,5856000000,150.0,183.0,128.0
Riva TNT,NVIDIA,GPU,1998,699.00,17179869,3520000000,90.0,110.0,128.0
ROG Ally Extreme GPU,AMD,GPU,2023,3499.00,17179869184,36000000000,975.0,2250.0,64.0
ROG Ally GPU,AMD,GPU,2023,20000.00,17179869184,19200000000,750.0,1200.0,64.0
RTX 1000 Mobile Ada Generation,NVIDIA,GPU,2024,1999.00,6442450944,60000000000,2235.0,2500.0,96.0
RTX 2000 Ada Generation,NVIDIA,GPU,2024,6999.00,17179869184,64000000000,735.0,2000.0,128.0
RTX 2000 Embedded Ada Generation,NVIDIA,GPU,2023,699.00,8589934592,56000000000,1395.0,1750.0,128.0
RTX 2000 Max-Q Ada Generation,NVIDIA,GPU,2023,1499.00,8589934592,56000000000,1230.0,1750.0,128.0
RTX 2000 Mobile Ada Generation,NVIDIA,GPU,2023,35000.00,8589934592,56000000000,1350.0,1750.0,128.0
GeForce RTX 2050 Mobile,NVIDIA,GPU,2021,2499.00,4294967296,28000000000,1185.0,1750.0,64.0
GeForce RTX 2060 12 GB,NVIDIA,GPU,2021,3499.00,12884901888,84000000000,1470.0,1750.0,192.0
GeForce RTX 2060 Max-Q Refresh,NVIDIA,GPU,2019,20000.00,6442450944,64944000000,960.0,1353.0,192.0
GeForce RTX 2060 Max-Q,NVIDIA,GPU,2020,399.00,6442450944,66000000000,975.0,1375.0,192.0
GeForce RTX 2060 Mobile Refresh,NVIDIA,GPU,2019,1999.00,6442450944,66000000000,1005.0,1375.0,192.0
GeForce RTX 2060 Mobile,NVIDIA,GPU,2019,3499.00,6442450944,84000000000,960.0,1750.0,192.0
GeForce RTX 2060 SUPER,NVIDIA,GPU,2019,499.00,8589934592,112000000000,1470.0,1750.0,256.0
GeForce RTX 2060 TU104,NVIDIA,GPU,2020,1999.00,6442450944,84000000000,1365.0,1750.0,192.0
GeForce RTX 2060,NVIDIA,GPU,2019,1499.00,6442450944,84000000000,1365.0,1750.0,192.0
GeForce RTX 2070 Max-Q Refresh,NVIDIA,GPU,2020,9999.00,8589934592,88000000000,900.0,1375.0,256.0
GeForce RTX 2070 Max-Q,NVIDIA,GPU,2019,40000.00,8589934592,96000000000,885.0,1500.0,256.0
GeForce RTX 2070 Mobile Refresh,NVIDIA,GPU,2020,1499.00,8589934592,88000000000,1260.0,1375.0,256.0
GeForce RTX 2070 Mobile,NVIDIA,GPU,2019,3499.00,8589934592,112000000000,1215.0,1750.0,256.0
GeForce RTX 2070 SUPER Max-Q,NVIDIA,GPU,2020,3499.00,8589934592,88000000000,930.0,1375.0,256.0
GeForce RTX 2070 SUPER Mobile,NVIDIA,GPU,2020,4999.00,8589934592,112000000000,1140.0,1750.0,256.0
GeForce RTX 2070 SUPER,NVIDIA,GPU,2019,299.00,8589934592,112000000000,1605.0,1750.0,256.0
GeForce RTX 2070,NVIDIA,GPU,2018,699.00,8589934592,112000000000,1410.0,1750.0,256.0
GeForce RTX 2080 Max-Q,NVIDIA,GPU,2019,4999.00,8589934592,96000000000,735.0,1500.0,256.0
GeForce RTX 2080 Mobile,NVIDIA,GPU,2019,40000.00,8589934592,112000000000,1380.0,1750.0,256.0
GeForce RTX 2080 SUPER Max-Q,NVIDIA,GPU,2020,4999.00,8589934592,88000000000,735.0,1375.0,256.0
GeForce RTX 2080 SUPER Mobile,NVIDIA,GPU,2020,899.00,8589934592,112000000000,1365.0,1750.0,256.0
GeForce RTX 2080 SUPER,NVIDIA,GPU,2019,30000.00,8589934592,123968000000,1650.0,1937.0,256.0
GeForce RTX 2080 Ti,NVIDIA,GPU,2018,2499.00,11811160064,154000000000,1350.0,1750.0,352.0
GeForce RTX 2080,NVIDIA,GPU,2018,6999.00,8589934592,112000000000,1515.0,1750.0,256.0
RTX 3000 Mobile Ada Generation,NVIDIA,GPU,2023,4999.00,8589934592,56000000000,1065.0,1750.0,128.0
GeForce RTX 3050 4 GB,NVIDIA,GPU,2022,4999.00,4294967296,56000000000,1545.0,1750.0,128.0
GeForce RTX 3050 6 GB,NVIDIA,GPU,2024,40000.00,6442450944,60600000000,1000.0,2525.0,96.0
GeForce RTX 3050 8 GB GA107,NVIDIA,GPU,2022,40000.00,8589934592,56000000000,1552.0,1750.0,128.0
GeForce RTX 3050 8 GB,NVIDIA,GPU,2022,15000.00,8589934592,56000000000,1552.0,1750.0,128.0
GeForce RTX 3050 A Mobile,NVIDIA,GPU,2024,499.00,4294967296,56000000000,1065.0,1750.0,128.0
GeForce RTX 3050 Max-Q Refresh 4 GB,NVIDIA,GPU,2022,2499.00,4294967296,16000000000,1050.0,500.0,128.0
GeForce RTX 3050 Max-Q Refresh 6 GB,NVIDIA,GPU,2022,499.00,6442450944,54000000000,735.0,2250.0,96.0
GeForce RTX 3050 Mobile Refresh 4 GB,NVIDIA,GPU,2022,4999.00,4294967296,16000000000,1000.0,500.0,128.0
GeForce RTX 3050 Mobile Refresh 6 GB,NVIDIA,GPU,2022,12000.00,6442450944,54000000000,1005.0,2250.0,96.0
GeForce RTX 3050 Mobile,NVIDIA,GPU,2021,6999.00,4294967296,48000000000,712.0,1500.0,128.0
GeForce RTX 3050 OEM,NVIDIA,GPU,2022,25000.00,8589934592,56000000000,1515.0,1750.0,128.0
GeForce RTX 3050 Ti Mobile,NVIDIA,GPU,2021,299.00,4294967296,48000000000,735.0,1500.0,128.0
GeForce RTX 3060 8 GB GA104,NVIDIA,GPU,2022,4999.00,8589934592,16000000000,1000.0,500.0,128.0
GeForce RTX 3060 8 GB,NVIDIA,GPU,2022,12000.00,8589934592,16000000000,1000.0,500.0,128.0
GeForce RTX 3060 GA104,NVIDIA,GPU,2021,699.00,12884901888,90000000000,1320.0,1875.0,192.0
GeForce RTX 3060 Max-Q,NVIDIA,GPU,2021,1499.00,6442450944,72000000000,817.0,1500.0,192.0
GeForce RTX 3060 Mobile,NVIDIA,GPU,2021,20000.00,6442450944,84000000000,900.0,1750.0,192.0
GeForce RTX 3060 Ti GA103,NVIDIA,GPU,2022,6999.00,8589934592,112000000000,1410.0,1750.0,256.0
GeForce RTX 3060 Ti GDDR6X,NVIDIA,GPU,2022,25000.00,8589934592,144000000000,1287.0,2250.0,256.0
GeForce RTX 3060 Ti,NVIDIA,GPU,2020,15000.00,8589934592,112000000000,1410.0,1750.0,256.0
GeForce RTX 3060,NVIDIA,GPU,2021,699.00,12884901888,90000000000,1320.0,1875.0,192.0
GeForce RTX 3070 Max-Q,NVIDIA,GPU,2021,2499.00,8589934592,96000000000,780.0,1500.0,256.0
GeForce RTX 3070 Mobile,NVIDIA,GPU,2021,1999.00,8589934592,112000000000,1110.0,1750.0,256.0
GeForce RTX 3070 Ti 16 GB,NVIDIA,GPU,,2499.00,17179869184,76032000000,1575.0,1188.0,256.0
GeForce RTX 3070 Ti 8 GB GA102,NVIDIA,GPU,2022,9999.00,8589934592,160000000000,1387.0,2500.0,256.0
GeForce RTX 3070 Ti Max-Q,NVIDIA,GPU,2022,15000.00,8589934592,96000000000,855.0,1500.0,256.0
GeForce RTX 3070 Ti Mobile,NVIDIA,GPU,2022,1999.00,8589934592,112000000000,915.0,1750.0,256.0
GeForce RTX 3070 TiM,NVIDIA,GPU,2022,2499.00,8589934592,84032000000,1920.0,1313.0,256.0
GeForce RTX 3070 Ti,NVIDIA,GPU,2021,1999.00,8589934592,76032000000,1575.0,1188.0,256.0
GeForce RTX 3070,NVIDIA,GPU,2020,20000.00,8589934592,112000000000,1500.0,1750.0,256.0
GeForce RTX 3080 12 GB,NVIDIA,GPU,2022,4999.00,12884901888,114048000000,1260.0,1188.0,384.0
GeForce RTX 3080 Max-Q,NVIDIA,GPU,2021,899.00,8589934592,96000000000,780.0,1500.0,256.0
GeForce RTX 3080 Mobile,NVIDIA,GPU,2021,35000.00,8589934592,112000000000,1110.0,1750.0,256.0
GeForce RTX 3080 Ti 20 GB,NVIDIA,GPU,2022,6999.00,21474836480,95040000000,1335.0,1188.0,320.0
GeForce RTX 3080 Ti Max-Q,NVIDIA,GPU,2022,30000.00,17179869184,96000000000,585.0,1500.0,256.0
GeForce RTX 3080 Ti Mobile,NVIDIA,GPU,2022,40000.00,17179869184,128000000000,810.0,2000.0,256.0
GeForce RTX 3080 Ti,NVIDIA,GPU,2021,25000.00,12884901888,114048000000,1365.0,1188.0,384.0
GeForce RTX 3080,NVIDIA,GPU,2020,9999.00,10737418240,95040000000,1440.0,1188.0,320.0
GeForce RTX 3090 Ti,NVIDIA,GPU,2022,299.00,25769803776,126048000000,1560.0,1313.0,384.0
GeForce RTX 3090,NVIDIA,GPU,2020,25000.00,25769803776,117024000000,1395.0,1219.0,384.0
RTX 3500 Embedded Ada Generation,NVIDIA,GPU,2023,1199.00,12884901888,53088000000,1260.0,1106.0,192.0
RTX 3500 Mobile Ada Generation,NVIDIA,GPU,2023,4999.00,12884901888,53088000000,1312.0,1106.0,192.0
RTX 4000 Ada Generation,NVIDIA,GPU,2023,1999.00,21474836480,47520000000,1410.0,1188.0,160.0
RTX 4000 Mobile Ada Generation,NVIDIA,GPU,2023,299.00,12884901888,53088000000,1245.0,1106.0,192.0
RTX 4000 SFF Ada Generation,NVIDIA,GPU,2023,9999.00,21474836480,70000000000,1410.0,1750.0,160.0
GeForce RTX 4050 Max-Q,NVIDIA,GPU,2023,1499.00,6442450944,60000000000,915.0,2500.0,96.0
GeForce RTX 4050 Mobile,NVIDIA,GPU,2023,9999.00,6442450944,60600000000,1000.0,2525.0,96.0
GeForce RTX 4050,NVIDIA,GPU,2023,4999.00,8589934592,72000000000,1925.0,2250.0,128.0
GeForce RTX 4060 AD106,NVIDIA,GPU,2024,1499.00,8589934592,56000000000,1275.0,1750.0,128.0
GeForce RTX 4060 Max-Q,NVIDIA,GPU,2023,2499.00,8589934592,32000000000,1400.0,1000.0,128.0
GeForce RTX 4060 Mobile,NVIDIA,GPU,2023,499.00,8589934592,44000000000,1260.0,1375.0,128.0
GeForce RTX 4060 Ti 16 GB,NVIDIA,GPU,2023,12000.00,17179869184,44000000000,1020.0,1375.0,128.0
GeForce RTX 4060 Ti 8 GB,NVIDIA,GPU,2023,1199.00,8589934592,44000000000,495.0,1375.0,128.0
GeForce RTX 4060 Ti AD104,NVIDIA,GPU,2024,499.00,8589934592,64000000000,1825.0,2000.0,128.0
GeForce RTX 4060,NVIDIA,GPU,2022,15000.00,12884901888,108000000000,1925.0,2250.0,192.0
GeForce RTX 4060,NVIDIA,GPU,2023,499.00,8589934592,32000000000,1200.0,1000.0,128.0
GeForce RTX 4070 AD103,NVIDIA,GPU,2024,15000.00,12884901888,72000000000,780.0,1500.0,192.0
GeForce RTX 4070 GDDR6,NVIDIA,GPU,2024,399.00,12884901888,72000000000,1140.0,1500.0,192.0
GeForce RTX 4070 Max-Q,NVIDIA,GPU,2023,2499.00,8589934592,56000000000,855.0,1750.0,128.0
GeForce RTX 4070 Mobile,NVIDIA,GPU,2023,2499.00,8589934592,64000000000,2100.0,2000.0,128.0
GeForce RTX 4070 SUPER,NVIDIA,GPU,2024,1199.00,12884901888,84000000000,1110.0,1750.0,192.0
GeForce RTX 4070 Ti SUPER AD102,NVIDIA,GPU,2024,899.00,17179869184,77760000000,765.0,1215.0,256.0
GeForce RTX 4070 Ti SUPER,NVIDIA,GPU,2024,299.00,17179869184,102400000000,1000.0,1600.0,256.0
GeForce RTX 4070 Ti,NVIDIA,GPU,2023,4999.00,12884901888,42048000000,1312.0,876.0,192.0
GeForce RTX 4070,NVIDIA,GPU,2022,35000.00,12884901888,108000000000,1925.0,2250.0,192.0
GeForce RTX 4070,NVIDIA,GPU,2023,399.00,12884901888,42048000000,1245.0,876.0,192.0
GeForce RTX 4080 Max-Q,NVIDIA,GPU,2023,25000.00,12884901888,42048000000,1327.0,876.0,192.0
GeForce RTX 4080 Mobile,NVIDIA,GPU,2023,9999.00,12884901888,42048000000,1297.0,876.0,192.0
GeForce RTX 4080 SUPER,NVIDIA,GPU,2024,3499.00,17179869184,77760000000,1095.0,1215.0,256.0
GeForce RTX 4080 Ti,NVIDIA,GPU,2022,699.00,21474836480,106000000000,1895.0,1325.0,320.0
GeForce RTX 4080,NVIDIA,GPU,2022,35000.00,17179869184,144000000000,1925.0,2250.0,256.0
GeForce RTX 4090 D,NVIDIA,GPU,2023,1499.00,25769803776,216000000000,1290.0,2250.0,384.0
GeForce RTX 4090 Max-Q,NVIDIA,GPU,2023,12000.00,17179869184,76032000000,1575.0,1188.0,256.0
GeForce RTX 4090 Mobile,NVIDIA,GPU,2023,9999.00,17179869184,76032000000,1575.0,1188.0,256.0
GeForce RTX 4090,NVIDIA,GPU,2022,299.00,25769803776,127200000000,1815.0,1325.0,384.0
RTX 4500 Ada Generation,NVIDIA,GPU,2023,299.00,25769803776,53088000000,1245.0,1106.0,192.0
RTX 500 Mobile Ada Generation,NVIDIA,GPU,2024,6999.00,4294967296,21008000000,2280.0,1313.0,64.0
RTX 5000 Ada Generation,NVIDIA,GPU,2023,3499.00,34359738368,144000000000,1855.0,2250.0,256.0
RTX 5000 Embedded Ada Generation,NVIDIA,GPU,2023,15000.00,17179869184,160000000000,1929.0,2500.0,256.0
RTX 5000 Max-Q Ada Generation,NVIDIA,GPU,2023,40000.00,17179869184,76032000000,1500.0,1188.0,256.0
RTX 5000 Mobile Ada Generation,NVIDIA,GPU,2023,3499.00,17179869184,160000000000,2235.0,2500.0,256.0
GeForce RTX 5050,NVIDIA,GPU,2025,25000.00,8589934592,64000000000,1395.0,2000.0,128.0
GeForce RTX 5060 Mobile,NVIDIA,GPU,2025,9999.00,8589934592,80000000000,2235.0,2500.0,128.0
GeForce RTX 5060,NVIDIA,GPU,2025,499.00,8589934592,72000000000,1825.0,2250.0,128.0
GeForce RTX 5070,NVIDIA,GPU,2025,399.00,12884901888,96000000000,1825.0,2000.0,192.0
GeForce RTX 5080,NVIDIA,GPU,2025,6999.00,17179869184,77760000000,900.0,1215.0,256.0
GeForce RTX 5090,NVIDIA,GPU,2025,40000.00,30064771072,134400000000,900.0,1200.0,448.0
RTX 5880 Ada Generation,NVIDIA,GPU,2024,40000.00,51539607552,115200000000,900.0,1200.0,384.0
RTX 6000 Ada Generation,NVIDIA,GPU,2022,35000.00,51539607552,192000000000,975.0,2000.0,384.0
RTX A1000 Embedded,NVIDIA,GPU,2021,15000.00,4294967296,48000000000,1192.0,1500.0,128.0
RTX A1000 Embedded,NVIDIA,GPU,2022,6999.00,4294967296,30240000000,1200.0,945.0,128.0
RTX A1000 Mobile 6 GB,NVIDIA,GPU,2022,15000.00,6442450944,54000000000,1005.0,2250.0,96.0
RTX A1000 Mobile,NVIDIA,GPU,2022,699.00,4294967296,30240000000,1247.0,945.0,128.0
RTX A1000,NVIDIA,GPU,2024,40000.00,8589934592,64000000000,1395.0,2000.0,128.0
RTX A2000 12 GB,NVIDIA,GPU,2021,499.00,12884901888,72000000000,562.0,1500.0,192.0
RTX A2000 Embedded,NVIDIA,GPU,2021,899.00,8589934592,48000000000,1117.0,1500.0,128.0
RTX A2000 Embedded,NVIDIA,GPU,2022,6999.00,4294967296,30240000000,1247.0,945.0,128.0
RTX A2000 Mobile,NVIDIA,GPU,2021,1199.00,4294967296,44000000000,893.0,1375.0,128.0
RTX A2000,NVIDIA,GPU,2021,40000.00,6442450944,72000000000,562.0,1500.0,192.0
RTX A3000 Mobile 12 GB,NVIDIA,GPU,2021,30000.00,12884901888,66000000000,1020.0,1375.0,192.0
RTX A3000 Mobile 12 GB,NVIDIA,GPU,2022,1999.00,12884901888,40704000000,1132.0,848.0,192.0
RTX A3000 Mobile,NVIDIA,GPU,2021,20000.00,6442450944,66000000000,1260.0,1375.0,192.0
RTX A4 Mobile,NVIDIA,GPU,2021,30000.00,4294967296,56000000000,1237.0,1750.0,128.0
RTX A4000 Mobile,NVIDIA,GPU,2021,499.00,8589934592,96000000000,1140.0,1500.0,256.0
RTX A4000,NVIDIA,GPU,2021,1199.00,17179869184,112000000000,735.0,1750.0,256.0
RTX A400,NVIDIA,GPU,2024,9999.00,4294967296,25488000000,690.0,1593.0,64.0
RTX A4500 Embedded,NVIDIA,GPU,2021,9999.00,17179869184,128000000000,930.0,2000.0,256.0
RTX A4500 Embedded,NVIDIA,GPU,2022,15000.00,17179869184,112000000000,510.0,1750.0,256.0
RTX A4500 Max-Q,NVIDIA,GPU,2022,6999.00,17179869184,128000000000,930.0,2000.0,256.0
RTX A4500 Mobile,NVIDIA,GPU,2021,6999.00,12884901888,72000000000,855.0,1500.0,192.0
RTX A4500 Mobile,NVIDIA,GPU,2022,20000.00,17179869184,128000000000,930.0,2000.0,256.0
RTX A4500,NVIDIA,GPU,2021,6999.00,21474836480,160000000000,1050.0,2000.0,320.0
RTX A500 Embedded,NVIDIA,GPU,2021,1499.00,4294967296,28000000000,1192.0,1750.0,64.0
RTX A500 Embedded,NVIDIA,GPU,2022,299.00,4294967296,32000000000,1410.0,2000.0,64.0
RTX A500 Mobile,NVIDIA,GPU,2022,25000.00,4294967296,40000000000,2235.0,2500.0,64.0
RTX A5000 Mobile,NVIDIA,GPU,2021,299.00,17179869184,112000000000,900.0,1750.0,256.0
RTX A5000,NVIDIA,GPU,2021,1999.00,25769803776,192000000000,1170.0,2000.0,384.0
RTX A5500 Max-Q,NVIDIA,GPU,2022,25000.00,17179869184,160000000000,1920.0,2500.0,256.0
RTX A5500 Mobile,NVIDIA,GPU,2022,6999.00,17179869184,112000000000,900.0,1750.0,256.0
RTX A5500,NVIDIA,GPU,2022,25000.00,25769803776,192000000000,1170.0,2000.0,384.0
RTX A6000,NVIDIA,GPU,2020,30000.00,51539607552,192000000000,1410.0,2000.0,384.0
Radeon RX 455 OEM,AMD,GPU,2016,299.00,2147483648,52000000000,1050.0,1625.0,128.0
Radeon RX 460 1024SP,AMD,GPU,2017,40000.00,2147483648,56000000000,1090.0,1750.0,128.0
Radeon RX 460 Mobile,AMD,GPU,2016,9999.00,4294967296,40000000000,1000.0,1250.0,128.0
Radeon RX 460,AMD,GPU,2016,15000.00,2147483648,56000000000,1090.0,1750.0,128.0
Radeon RX 470 Mobile,AMD,GPU,2016,899.00,8589934592,112000000000,926.0,1750.0,256.0
Radeon RX 470D,AMD,GPU,2016,699.00,4294967296,105600000000,926.0,1650.0,256.0
Radeon RX 470,AMD,GPU,2016,1499.00,4294967296,105600000000,926.0,1650.0,256.0
Radeon RX 480 Mobile,AMD,GPU,2016,1999.00,8589934592,128000000000,1000.0,2000.0,256.0
Radeon RX 480,AMD,GPU,2016,12000.00,8589934592,128000000000,1120.0,2000.0,256.0
Radeon RX 5300 XT,AMD,GPU,2019,9999.00,4294967296,56000000000,1670.0,1750.0,128.0
Radeon RX 5300M,AMD,GPU,2019,9999.00,3221225472,42000000000,1000.0,1750.0,96.0
Radeon RX 5300,AMD,GPU,2020,35000.00,3221225472,42000000000,1327.0,1750.0,96.0
Radeon RX 540 Mobile,AMD,GPU,2017,6999.00,2147483648,48000000000,1124.0,1500.0,128.0
Radeon RX 540X Mobile,AMD,GPU,2018,499.00,2147483648,48000000000,1124.0,1500.0,128.0
Radeon RX 550 512SP,AMD,GPU,2017,30000.00,2147483648,48000000000,1019.0,1500.0,128.0
Radeon RX 550 640SP,AMD,GPU,2017,1999.00,2147483648,48000000000,1019.0,1500.0,128.0
Radeon RX 550 Mobile,AMD,GPU,2017,20000.00,2147483648,48000000000,1100.0,1500.0,128.0
Radeon RX 5500 OEM,AMD,GPU,2019,15000.00,4294967296,56000000000,1500.0,1750.0,128.0
Radeon RX 5500 XT,AMD,GPU,2019,899.00,4294967296,56000000000,1607.0,1750.0,128.0
Radeon RX 5500M,AMD,GPU,2019,899.00,4294967296,56000000000,1375.0,1750.0,128.0
Radeon RX 550X 640SP,AMD,GPU,2018,299.00,2147483648,48000000000,1019.0,1500.0,128.0
Radeon RX 550X Mobile,AMD,GPU,2018,4999.00,2147483648,24000000000,1100.0,1500.0,64.0
Radeon RX 550X,AMD,GPU,2018,15000.00,4294967296,48000000000,1100.0,1500.0,128.0
Radeon RX 550,AMD,GPU,2017,9999.00,2147483648,56000000000,1100.0,1750.0,128.0
Radeon RX 560 896SP,AMD,GPU,2017,9999.00,4294967296,56000000000,1090.0,1750.0,128.0
Radeon RX 560 Mobile,AMD,GPU,2017,20000.00,4294967296,48000000000,1090.0,1500.0,128.0
Radeon RX 560 XT,AMD,GPU,2019,499.00,4294967296,112000000000,1074.0,1750.0,256.0
Radeon RX 5600 OEM,AMD,GPU,2020,899.00,6442450944,72000000000,1130.0,1500.0,192.0
Radeon RX 5600 XT,AMD,GPU,2020,699.00,6442450944,72000000000,1130.0,1500.0,192.0
Radeon RX 5600M,AMD,GPU,2020,3499.00,6442450944,72000000000,1035.0,1500.0,192.0
Radeon RX 560DX,AMD,GPU,2018,899.00,4294967296,48000000000,1090.0,1500.0,128.0
Radeon RX 560D,AMD,GPU,2017,699.00,4294967296,48000000000,1090.0,1500.0,128.0
Radeon RX 560X Mobile,AMD,GPU,2018,3499.00,4294967296,46400000000,1275.0,1450.0,128.0
Radeon RX 560X Mobile,AMD,GPU,2019,15000.00,4294967296,56000000000,1223.0,1750.0,128.0
Radeon RX 560X,AMD,GPU,2018,25000.00,4294967296,56000000000,1175.0,1750.0,128.0
Radeon RX 560,AMD,GPU,2017,6999.00,4294967296,56000000000,1175.0,1750.0,128.0
Radeon RX 570 Mobile,AMD,GPU,2017,899.00,8589934592,105600000000,926.0,1650.0,256.0
Radeon RX 570 X2,AMD,GPU,2017,499.00,8589934592,134400000000,1120.0,2100.0,256.0
Radeon RX 5700 XT 50th Anniversary,AMD,GPU,2019,15000.00,8589934592,112000000000,1680.0,1750.0,256.0
Radeon RX 5700 XT,AMD,GPU,2019,4999.00,8589934592,112000000000,1605.0,1750.0,256.0
Radeon RX 5700M,AMD,GPU,2020,3499.00,8589934592,96000000000,1465.0,1500.0,256.0
Radeon RX 5700,AMD,GPU,2019,399.00,8589934592,112000000000,1465.0,1750.0,256.0
Radeon RX 570X,AMD,GPU,2018,1499.00,8589934592,112000000000,1168.0,1750.0,256.0
Radeon RX 570,AMD,GPU,2017,4999.00,4294967296,112000000000,1168.0,1750.0,256.0
Radeon RX 580 2048SP,AMD,GPU,2018,299.00,4294967296,112000000000,1168.0,1750.0,256.0
Radeon RX 580 Mobile,AMD,GPU,2017,12000.00,8589934592,128000000000,1000.0,2000.0,256.0
Radeon RX 580 OEM,AMD,GPU,2016,1199.00,8589934592,128000000000,1120.0,2000.0,256.0
Radeon RX 580G,AMD,GPU,2018,2499.00,8589934592,128000000000,1257.0,2000.0,256.0
Radeon RX 580X Mobile,AMD,GPU,2018,20000.00,8589934592,128000000000,1000.0,2000.0,256.0
Radeon RX 580X,AMD,GPU,2018,1999.00,8589934592,128000000000,1257.0,2000.0,256.0
Radeon RX 580,AMD,GPU,2017,2499.00,8589934592,128000000000,1257.0,2000.0,256.0
Radeon RX 590 GME,AMD,GPU,2020,12000.00,8589934592,128000000000,1257.0,2000.0,256.0
Radeon RX 590,AMD,GPU,2018,35000.00,8589934592,128000000000,1469.0,2000.0,256.0
Radeon RX 6300M,AMD,GPU,2022,35000.00,2147483648,18000000000,2000.0,2250.0,32.0
Radeon RX 640 Mobile,AMD,GPU,2019,35000.00,2147483648,24000000000,1082.0,1500.0,64.0
Radeon RX 6400,AMD,GPU,2022,25000.00,4294967296,32000000000,1923.0,2000.0,64.0
Radeon RX 6450M,AMD,GPU,2023,25000.00,4294967296,25600000000,1000.0,1600.0,64.0
Radeon RX 6500 XT,AMD,GPU,2022,2499.00,4294967296,35968000000,2310.0,2248.0,64.0
Radeon RX 6500M,AMD,GPU,2022,499.00,4294967296,36000000000,2000.0,2250.0,64.0
Radeon RX 6550M,AMD,GPU,2023,40000.00,4294967296,25600000000,1000.0,1600.0,64.0
Radeon RX 6550S,AMD,GPU,2023,899.00,4294967296,25600000000,1000.0,1600.0,64.0
Radeon RX 6600 LE,AMD,GPU,2023,30000.00,8589934592,72000000000,2310.0,2250.0,128.0
Radeon RX 6600 XT,AMD,GPU,2021,1499.00,8589934592,64000000000,1968.0,2000.0,128.0
Radeon RX 6600M,AMD,GPU,2021,12000.00,8589934592,56000000000,2068.0,1750.0,128.0
Radeon RX 6600S,AMD,GPU,2022,12000.00,4294967296,56000000000,1700.0,1750.0,128.0
Radeon RX 6600,AMD,GPU,2021,499.00,8589934592,56000000000,1626.0,1750.0,128.0
Radeon RX 6650 XT,AMD,GPU,2022,20000.00,8589934592,70080000000,2055.0,2190.0,128.0
Radeon RX 6650M XT,AMD,GPU,2022,9999.00,8589934592,64000000000,2068.0,2000.0,128.0
Radeon RX 6650M,AMD,GPU,2022,1199.00,8589934592,64000000000,2068.0,2000.0,128.0
Radeon RX 6700 XT,AMD,GPU,2021,30000.00,12884901888,96000000000,2321.0,2000.0,192.0
Radeon RX 6700M,AMD,GPU,2021,40000.00,10737418240,80000000000,1489.0,2000.0,160.0
Radeon RX 6700S,AMD,GPU,2022,1199.00,8589934592,56000000000,1700.0,1750.0,128.0
Radeon RX 6700,AMD,GPU,2021,6999.00,6442450944,96000000000,2200.0,2000.0,192.0
Radeon RX 6750 GRE 10 GB,AMD,GPU,2023,3499.00,10737418240,100000000000,2235.0,2500.0,160.0
Radeon RX 6750 GRE 12 GB,AMD,GPU,2023,35000.00,12884901888,42048000000,1290.0,876.0,192.0
Radeon RX 6750 XT,AMD,GPU,2022,399.00,12884901888,108000000000,2150.0,2250.0,192.0
Radeon RX 6800 XT,AMD,GPU,2020,6999.00,17179869184,128000000000,1825.0,2000.0,256.0
Radeon RX 6800M,AMD,GPU,2021,40000.00,12884901888,96000000000,2116.0,2000.0,192.0
Radeon RX 6800S,AMD,GPU,2022,9999.00,8589934592,64000000000,1800.0,2000.0,128.0
Radeon RX 6800,AMD,GPU,2020,699.00,17179869184,128000000000,1700.0,2000.0,256.0
Radeon RX 6850M XT,AMD,GPU,2022,1999.00,12884901888,96000000000,2321.0,2000.0,192.0
Radeon RX 6900 XTX,AMD,GPU,,15000.00,17179869184,144000000000,2075.0,2250.0,256.0
Radeon RX 6900 XT,AMD,GPU,2020,699.00,17179869184,128000000000,1825.0,2000.0,256.0
Radeon RX 6950 XT,AMD,GPU,2022,1499.00,17179869184,144000000000,1925.0,2250.0,256.0
Radeon RX 7600 XT,AMD,GPU,2024,20000.00,17179869184,64000000000,1825.0,2000.0,128.0
Radeon RX 7600M XT,AMD,GPU,2023,699.00,8589934592,50400000000,1065.0,1575.0,128.0
Radeon RX 7600M,AMD,GPU,2023,40000.00,8589934592,72000000000,1855.0,2250.0,128.0
Radeon RX 7600S,AMD,GPU,2023,25000.00,8589934592,56000000000,1440.0,1750.0,128.0
Radeon RX 7600,AMD,GPU,2023,9999.00,8589934592,46656000000,1140.0,1458.0,128.0
Radeon RX 7700 XT,AMD,GPU,2022,35000.00,8589934592,72000000000,1800.0,2250.0,128.0
Radeon RX 7700 XT,AMD,GPU,2023,699.00,12884901888,42048000000,1290.0,876.0,192.0
Radeon RX 7700S,AMD,GPU,2023,20000.00,8589934592,56000000000,1305.0,1750.0,128.0
Radeon RX 7800 XT,AMD,GPU,2022,6999.00,12884901888,108000000000,1800.0,2250.0,192.0
Radeon RX 7800 XT,AMD,GPU,2023,30000.00,17179869184,112000000000,900.0,1750.0,256.0
Radeon RX 7900 GRE,AMD,GPU,2023,9999.00,17179869184,112000000000,720.0,1750.0,256.0
Radeon RX 7900 XTX,AMD,GPU,2022,40000.00,25769803776,192000000000,810.0,2000.0,384.0
Radeon RX 7900 XT,AMD,GPU,2022,4999.00,17179869184,144000000000,1800.0,2250.0,256.0
Radeon RX 7900M,AMD,GPU,2023,3499.00,17179869184,144000000000,1500.0,2250.0,256.0
Radeon RX Vega 10 Mobile,AMD,GPU,2017,40000.00,2147483648,48000000000,450.0,250.0,128.0
Radeon RX Vega 11 Embedded,AMD,GPU,2018,40000.00,2147483648,48000000000,250.0,250.0,128.0
Radeon RX Vega 11 Mobile,AMD,GPU,2018,20000.00,2147483648,48000000000,250.0,250.0,128.0
Radeon RX Vega 11 Mobile,AMD,GPU,2019,699.00,2147483648,48000000000,450.0,250.0,128.0
Radeon RX Vega 11,AMD,GPU,2018,3499.00,2147483648,48000000000,250.0,250.0,128.0
Radeon RX Vega 11,AMD,GPU,2019,35000.00,2147483648,48000000000,300.0,250.0,128.0
Radeon RX Vega 56 Mobile,AMD,GPU,2018,399.00,8589934592,409600000000,1138.0,800.0,2048.0
Radeon RX Vega 56,AMD,GPU,2017,399.00,8589934592,409600000000,1156.0,800.0,2048.0
Radeon RX Vega 64 Limited Edition,AMD,GPU,2017,699.00,8589934592,483840000000,1247.0,945.0,2048.0
Radeon RX Vega 64 Liquid Cooling,AMD,GPU,2017,4999.00,8589934592,483840000000,1406.0,945.0,2048.0
Radeon RX Vega 64,AMD,GPU,2017,12000.00,8589934592,483840000000,1247.0,945.0,2048.0
Radeon RX Vega M GH,AMD,GPU,2018,899.00,4294967296,204800000000,1063.0,800.0,1024.0
Radeon RX Vega M GL,AMD,GPU,2018,40000.00,4294967296,179200000000,931.0,700.0,1024.0
Radeon RX Vega Nano,AMD,GPU,,2499.00,8589934592,409600000000,1247.0,800.0,2048.0
Radeon SDR PCI,Ati,GPU,2000,15000.00,34359738,5312000000,166.0,166.0,128.0
Radeon SDR,Ati,GPU,2000,15000.00,34359738,5312000000,166.0,166.0,128.0
Radeon Sky 500,AMD,GPU,2013,35000.00,4294967296,76800000000,950.0,1200.0,256.0
Radeon Sky 700,AMD,GPU,2013,1499.00,6442450944,132000000000,900.0,1375.0,384.0
Radeon Sky 900,AMD,GPU,2013,499.00,3221225472,120000000000,825.0,1250.0,384.0
Spectre 1000,3Dfx,GPU,,12000.00,68719477,6400000000,200.0,200.0,128.0
Spectre 2000,3Dfx,GPU,,12000.00,68719477,6400000000,200.0,200.0,128.0
Spectre 3000,3Dfx,GPU,,9999.00,68719477,6400000000,200.0,200.0,128.0
Steam Deck GPU,AMD,GPU,2022,2499.00,17179869184,44000000000,1000.0,1375.0,128.0
Steam Deck OLED GPU,AMD,GPU,2023,499.00,17179869184,56000000000,1065.0,1750.0,128.0
STG-2000,NVIDIA,GPU,1995,25000.00,1073742,800000000,75.0,50.0,64.0
Stream Processor,AMD,GPU,2006,9999.00,1099511628,41472000000,594.0,648.0,256.0
Switch GPU 16nm,NVIDIA,GPU,2019,15000.00,4294967296,25600000000,384.0,1600.0,64.0
Switch GPU 20nm,NVIDIA,GPU,2017,4999.00,4294967296,25600000000,384.0,1600.0,64.0
T1000 8 GB,NVIDIA,GPU,2021,30000.00,8589934592,40000000000,1065.0,1250.0,128.0
T1000,NVIDIA,GPU,2021,399.00,4294967296,40000000000,1065.0,1250.0,128.0
T400 4 GB,NVIDIA,GPU,2021,35000.00,4294967296,20000000000,420.0,1250.0,64.0
T400,NVIDIA,GPU,2021,2499.00,2147483648,20000000000,420.0,1250.0,64.0
T500 Mobile,NVIDIA,GPU,2020,25000.00,2147483648,20000000000,1365.0,1250.0,64.0
T550 Mobile,NVIDIA,GPU,2022,30000.00,4294967296,36000000000,1440.0,2250.0,64.0
T600 Mobile,NVIDIA,GPU,2021,3499.00,4294967296,40000000000,930.0,1250.0,128.0
T600,NVIDIA,GPU,2021,35000.00,4294967296,40000000000,735.0,1250.0,128.0
Tegra 2 GPU,NVIDIA,GPU,2010,1199.00,2147483648,40096000000,166.0,166.0,128.0
Tegra 3 GPU,NVIDIA,GPU,2011,1999.00,2147483648,40096000000,166.0,166.0,128.0
Tegra 4 GPU,NVIDIA,GPU,2013,3499.00,2147483648,40096000000,280.0,200.0,128.0
Tegra 4i GPU,NVIDIA,GPU,2013,30000.00,2147483648,40096000000,400.0,200.0,128.0
Tesla C1060,NVIDIA,GPU,2009,4999.00,4294967296,102400000000,610.0,800.0,512.0
Tesla C2050,NVIDIA,GPU,2011,299.00,3221225472,72000000000,574.0,750.0,384.0
Tesla C2070,NVIDIA,GPU,2011,6999.00,6442450944,71712000000,574.0,747.0,384.0
Tesla C2075,NVIDIA,GPU,2011,9999.00,6442450944,75168000000,574.0,783.0,384.0
Tesla C2090,NVIDIA,GPU,2011,35000.00,6442450944,88704000000,651.0,924.0,384.0
Tesla C870,NVIDIA,GPU,2007,25000.00,1649267442,76800000000,600.0,800.0,384.0
Tesla D1 Dojo,Tesla,GPU,2021,9999.00,,10000000000000,,,
Tesla D870,NVIDIA,GPU,2007,35000.00,1649267442,76800000000,600.0,800.0,384.0
Tesla K10,NVIDIA,GPU,2012,2499.00,4294967296,80000000000,745.0,1250.0,256.0
Tesla K20c,NVIDIA,GPU,2012,4999.00,5368709120,104000000000,706.0,1300.0,320.0
Tesla K20m,NVIDIA,GPU,2013,1999.00,5368709120,104000000000,706.0,1300.0,320.0
Tesla K20s,NVIDIA,GPU,2013,3499.00,5368709120,104000000000,575.0,1300.0,320.0
Tesla K20Xm,NVIDIA,GPU,2012,2499.00,6442450944,124800000000,732.0,1300.0,384.0
Tesla K20X,NVIDIA,GPU,2012,399.00,6442450944,124800000000,732.0,1300.0,384.0
Tesla K40c,NVIDIA,GPU,2013,399.00,12884901888,144192000000,745.0,1502.0,384.0
Tesla K40d,NVIDIA,GPU,2013,1999.00,12884901888,144192000000,745.0,1502.0,384.0
Tesla K40m,NVIDIA,GPU,2013,20000.00,12884901888,144192000000,745.0,1502.0,384.0
Tesla K40st,NVIDIA,GPU,2013,20000.00,12884901888,144192000000,575.0,1502.0,384.0
Tesla K40s,NVIDIA,GPU,2013,25000.00,12884901888,144192000000,745.0,1502.0,384.0
Tesla K40t,NVIDIA,GPU,2013,35000.00,12884901888,144192000000,745.0,1502.0,384.0
Tesla K80,NVIDIA,GPU,2014,4999.00,12884901888,120288000000,562.0,1253.0,384.0
Tesla K8,NVIDIA,GPU,2014,4999.00,8589934592,80000000000,693.0,1250.0,256.0
Tesla M1060,NVIDIA,GPU,2008,899.00,2147483648,102400000000,610.0,800.0,512.0
Tesla M10,NVIDIA,GPU,2016,1199.00,8589934592,41600000000,1033.0,1300.0,128.0
Tesla M2050,NVIDIA,GPU,2011,6999.00,3221225472,74208000000,575.0,773.0,384.0
Tesla M2070-Q,NVIDIA,GPU,2011,15000.00,6442450944,75168000000,574.0,783.0,384.0
Tesla M2070,NVIDIA,GPU,2011,699.00,6442450944,75168000000,574.0,783.0,384.0
Tesla M2075,NVIDIA,GPU,2011,299.00,6442450944,75168000000,574.0,783.0,384.0
Tesla M2090,NVIDIA,GPU,2011,9999.00,6442450944,88704000000,651.0,924.0,384.0
Tesla M40 24 GB,NVIDIA,GPU,2015,399.00,25769803776,144192000000,948.0,1502.0,384.0
Tesla M40,NVIDIA,GPU,2015,9999.00,12884901888,144192000000,948.0,1502.0,384.0
Tesla M4,NVIDIA,GPU,2015,1999.00,4294967296,44000000000,872.0,1375.0,128.0
Tesla M60,NVIDIA,GPU,2015,35000.00,8589934592,80192000000,557.0,1253.0,256.0
Tesla M6,NVIDIA,GPU,2015,20000.00,8589934592,80192000000,930.0,1253.0,256.0
Tesla P100 PCIe 12 GB,NVIDIA,GPU,2016,699.00,12884901888,549120000000,1190.0,715.0,3072.0
Tesla P100 PCIe 16 GB,NVIDIA,GPU,2016,25000.00,17179869184,732160000000,1190.0,715.0,4096.0
Tesla P100 DGXS,NVIDIA,GPU,2016,1499.00,17179869184,732160000000,1328.0,715.0,4096.0
Tesla P100 SXM2,NVIDIA,GPU,2016,6999.00,17179869184,732160000000,1328.0,715.0,4096.0
Tesla P10,NVIDIA,GPU,2016,299.00,25769803776,173568000000,1025.0,1808.0,384.0
Tesla P40,NVIDIA,GPU,2016,1499.00,25769803776,173568000000,1303.0,1808.0,384.0
Tesla P4,NVIDIA,GPU,2016,30000.00,8589934592,96128000000,886.0,1502.0,256.0
Tesla P6,NVIDIA,GPU,2017,9999.00,17179869184,96128000000,1012.0,1502.0,256.0
Tesla PG500-216,NVIDIA,GPU,2019,30000.00,34359738368,1132544000000,1260.0,1106.0,4096.0
Tesla PG503-216,NVIDIA,GPU,2019,9999.00,34359738368,1132544000000,1312.0,1106.0,4096.0
Tesla S1070,NVIDIA,GPU,2008,299.00,4294967296,102400000000,610.0,800.0,512.0
Tesla S1075,NVIDIA,GPU,2008,6999.00,4294967296,102400000000,610.0,800.0,512.0
Tesla S2050,NVIDIA,GPU,2011,35000.00,3221225472,74208000000,574.0,773.0,384.0
Tesla S870,NVIDIA,GPU,2007,1199.00,1649267442,76800000000,600.0,800.0,384.0
Tesla T10 Processor,NVIDIA,GPU,2009,6999.00,4294967296,102400000000,610.0,800.0,512.0
Tesla T4,NVIDIA,GPU,2018,1499.00,17179869184,80000000000,585.0,1250.0,256.0
Tesla V100 PCIe 16 GB,NVIDIA,GPU,2017,4999.00,17179869184,897024000000,1245.0,876.0,4096.0
Tesla V100 PCIe 32 GB,NVIDIA,GPU,2018,699.00,34359738368,897024000000,1230.0,876.0,4096.0
Tesla V100 DGXS 16 GB,NVIDIA,GPU,2018,6999.00,17179869184,897024000000,1327.0,876.0,4096.0
Tesla V100 DGXS 32 GB,NVIDIA,GPU,2018,1999.00,34359738368,897024000000,1297.0,876.0,4096.0
Tesla V100 FHHL,NVIDIA,GPU,2018,35000.00,17179869184,829440000000,937.0,810.0,4096.0
Tesla V100 SXM2 16 GB,NVIDIA,GPU,2017,899.00,17179869184,897024000000,1312.0,876.0,4096.0
Tesla V100 SXM2 16 GB,NVIDIA,GPU,2019,2499.00,17179869184,1132544000000,1245.0,1106.0,4096.0
Tesla V100 SXM2 32 GB,NVIDIA,GPU,2018,6999.00,34359738368,897024000000,1290.0,876.0,4096.0
Tesla V100 SXM3 32 GB,NVIDIA,GPU,2018,899.00,34359738368,897024000000,1290.0,876.0,4096.0
Tesla V100S PCIe 32 GB,NVIDIA,GPU,2019,40000.00,34359738368,1132544000000,1245.0,1106.0,4096.0
Tesla X2070,NVIDIA,GPU,2011,9999.00,6442450944,88704000000,651.0,924.0,384.0
Tesla X2090,NVIDIA,GPU,2011,399.00,6442450944,88704000000,651.0,924.0,384.0
Tianshu Zhixin Zhikai 100,Iluvatar Corex,GPU,2022,1999.00,,,,,
TITAN RTX,NVIDIA,GPU,2018,1999.00,25769803776,168000000000,1350.0,1750.0,384.0
TITAN V CEO Edition,NVIDIA,GPU,2018,4999.00,34359738368,868352000000,1200.0,848.0,4096.0
TITAN V,NVIDIA,GPU,2017,20000.00,12884901888,651264000000,1200.0,848.0,3072.0
TITAN X Pascal,NVIDIA,GPU,2016,1499.00,12884901888,120096000000,1417.0,1251.0,384.0
TITAN Xp,NVIDIA,GPU,2017,4999.00,12884901888,136896000000,1405.0,1426.0,384.0
UHD Graphics 16EU Mobile,Intel,GPU,2022,1199.00,8589934592,70976000000,275.0,295.0,224.0
UHD Graphics 24EU Mobile,Intel,GPU,2022,6999.00,8589934592,70976000000,378.0,297.0,224.0
UHD Graphics 48EU Mobile,Intel,GPU,2022,30000.00,8589934592,70976000000,398.0,297.0,224.0
UHD Graphics 48EU,Intel,GPU,2022,1499.00,8589934592,70976000000,300.0,250.0,224.0
UHD Graphics 600,Intel,GPU,2017,25000.00,8589934592,70976000000,400.0,250.0,224.0
UHD Graphics 605,Intel,GPU,2017,699.00,8589934592,70976000000,240.0,250.0,224.0
UHD Graphics 610,Intel,GPU,2018,1499.00,8589934592,70976000000,300.0,250.0,224.0
UHD Graphics 610,Intel,GPU,2020,299.00,8589934592,70976000000,275.0,270.0,224.0
UHD Graphics 615,Intel,GPU,2018,3499.00,8589934592,70976000000,400.0,250.0,224.0
UHD Graphics 617,Intel,GPU,2018,15000.00,8589934592,70976000000,400.0,250.0,224.0
UHD Graphics 620,Intel,GPU,2017,1999.00,8589934592,70976000000,200.0,250.0,224.0
UHD Graphics 620,Intel,GPU,2018,25000.00,8589934592,70976000000,400.0,250.0,224.0
UHD Graphics 630,Intel,GPU,2017,1999.00,8589934592,70976000000,250.0,250.0,224.0
UHD Graphics 630,Intel,GPU,2018,6999.00,8589934592,70976000000,300.0,250.0,224.0
UHD Graphics 630,Intel,GPU,2020,1499.00,8589934592,70976000000,275.0,270.0,224.0
UHD Graphics 64EU Mobile,Intel,GPU,2022,1499.00,8589934592,70976000000,378.0,297.0,224.0
UHD Graphics 64EU Mobile,Intel,GPU,2023,699.00,8589934592,70976000000,400.0,300.0,224.0
UHD Graphics 64EU,Intel,GPU,2022,699.00,8589934592,70976000000,300.0,250.0,224.0
UHD Graphics 710 Mobile,Intel,GPU,2023,4999.00,8589934592,70976000000,350.0,300.0,224.0
UHD Graphics 710,Intel,GPU,2022,20000.00,8589934592,70976000000,250.0,300.0,224.0
UHD Graphics 730,Intel,GPU,2021,299.00,8589934592,70976000000,450.0,275.0,224.0
UHD Graphics 730,Intel,GPU,2022,4999.00,8589934592,70976000000,250.0,300.0,224.0
UHD Graphics 730,Intel,GPU,2023,30000.00,8589934592,70976000000,400.0,300.0,224.0
UHD Graphics 750,Intel,GPU,2021,1199.00,8589934592,70976000000,220.0,275.0,224.0
UHD Graphics 770 Mobile,Intel,GPU,2022,20000.00,8589934592,70976000000,300.0,300.0,224.0
UHD Graphics 770 Mobile,Intel,GPU,2023,9999.00,8589934592,70976000000,325.0,300.0,224.0
UHD Graphics 770,Intel,GPU,2021,1499.00,8589934592,70976000000,350.0,275.0,224.0
UHD Graphics 770,Intel,GPU,2022,899.00,8589934592,70976000000,250.0,300.0,224.0
UHD Graphics G1,Intel,GPU,2019,20000.00,8589934592,70976000000,350.0,266.0,224.0
UHD Graphics G4,Intel,GPU,2020,1999.00,8589934592,70976000000,275.0,270.0,224.0
UHD Graphics G7,Intel,GPU,2020,6999.00,8589934592,70976000000,275.0,275.0,224.0
UHD Graphics P630,Intel,GPU,2018,25000.00,8589934592,70976000000,275.0,250.0,224.0
UHD Graphics P630,Intel,GPU,2020,30000.00,8589934592,70976000000,300.0,275.0,224.0
UHD Graphics P750,Intel,GPU,2021,299.00,8589934592,70976000000,350.0,275.0,224.0
UHD Graphics,Intel,GPU,2019,15000.00,8589934592,70976000000,350.0,266.0,224.0
UHD Graphics,Intel,GPU,2021,1199.00,8589934592,70976000000,275.0,275.0,224.0
Vanta LT,NVIDIA,GPU,2000,399.00,8589935,1600000000,105.0,100.0,64.0
Radeon VE PCI,Ati,GPU,2001,899.00,34359738,2928000000,183.0,183.0,64.0
Radeon Vega 10 Mobile,AMD,GPU,2019,499.00,2147483648,48000000000,450.0,250.0,128.0
Radeon Vega 11 Embedded,AMD,GPU,2018,15000.00,2147483648,48000000000,250.0,250.0,128.0
Radeon Vega 11,AMD,GPU,2019,35000.00,2147483648,48000000000,400.0,250.0,128.0
Radeon Vega 3 Embedded,AMD,GPU,2018,12000.00,2147483648,48000000000,250.0,250.0,128.0
Radeon Vega 3 Embedded,AMD,GPU,2019,25000.00,2147483648,48000000000,445.0,250.0,128.0
Radeon Vega 3 Mobile,AMD,GPU,2018,30000.00,2147483648,48000000000,250.0,250.0,128.0
Radeon Vega 3 Mobile,AMD,GPU,2019,9999.00,2147483648,48000000000,250.0,250.0,128.0
Radeon Vega 3 Mobile,AMD,GPU,2020,299.00,2147483648,48000000000,275.0,270.0,128.0
Radeon Vega 3,AMD,GPU,2019,4999.00,2147483648,48000000000,400.0,250.0,128.0
Radeon Vega 6 Embedded,AMD,GPU,2018,40000.00,2147483648,48000000000,275.0,250.0,128.0
Radeon Vega 6 Mobile,AMD,GPU,2018,25000.00,2147483648,48000000000,275.0,250.0,128.0
Radeon Vega 6 Mobile,AMD,GPU,2019,20000.00,2147483648,48000000000,200.0,250.0,128.0
Radeon Vega 6 Mobile,AMD,GPU,2021,1999.00,2147483648,48000000000,275.0,275.0,128.0
Radeon Vega 6,AMD,GPU,2021,899.00,2147483648,48000000000,275.0,275.0,128.0
Radeon Vega 7 Mobile,AMD,GPU,2021,2499.00,2147483648,48000000000,300.0,275.0,128.0
Radeon Vega 7,AMD,GPU,2021,6999.00,2147483648,48000000000,275.0,275.0,128.0
Radeon Vega 8 Embedded,AMD,GPU,2018,499.00,2147483648,48000000000,250.0,250.0,128.0
Radeon Vega 8 Mobile,AMD,GPU,2017,9999.00,2147483648,48000000000,450.0,250.0,128.0
Radeon Vega 8 Mobile,AMD,GPU,2019,12000.00,2147483648,48000000000,275.0,256.0,128.0
Radeon Vega 8 Mobile,AMD,GPU,2021,299.00,2147483648,48000000000,425.0,275.0,128.0
Radeon Vega 8,AMD,GPU,2018,3499.00,2147483648,48000000000,250.0,250.0,128.0
Radeon Vega 8,AMD,GPU,2019,35000.00,2147483648,48000000000,200.0,250.0,128.0
Radeon Vega 8,AMD,GPU,2021,25000.00,2147483648,48000000000,300.0,275.0,128.0
Radeon Vega 9 Mobile,AMD,GPU,2019,20000.00,2147483648,48000000000,350.0,266.0,128.0
Radeon Vega Frontier Edition Watercooled,AMD,GPU,2017,399.00,17179869184,483840000000,1382.0,945.0,2048.0
Radeon Vega Frontier Edition,AMD,GPU,2017,3499.00,17179869184,483840000000,1382.0,945.0,2048.0
Velocity 100,3Dfx,GPU,1999,499.00,8589935,4576000000,143.0,143.0,128.0
Velocity 200,3Dfx,GPU,,1199.00,12884902,4576000000,143.0,143.0,128.0
Radeon VE,Ati,GPU,2001,30000.00,34359738,2928000000,183.0,183.0,64.0
VGA Improved Performance,Ati,GPU,1987,499.00,274878,80000000,10.0,10.0,32.0
VGA Wonder XL24,Ati,GPU,1992,40000.00,1073742,80000000,10.0,10.0,32.0
VGA Wonder,Ati,GPU,1990,35000.00,274878,80000000,10.0,10.0,32.0
Video Xpression,Ati,GPU,1995,40000.00,1073742,1056000000,62.0,66.0,64.0
Video Xpression,Ati,GPU,1996,3499.00,1073742,992000000,62.0,62.0,64.0
Radeon VII,AMD,GPU,2019,4999.00,17179869184,1024000000000,1400.0,1000.0,4096.0
Volari 8300,Xgi,GPU,2005,40000.00,137438953,4800000000,300.0,300.0,64.0
Volari 8600 XT,Xgi,GPU,,9999.00,274877907,14400000000,450.0,450.0,128.0
Volari Duo V5 Ultra,Xgi,GPU,2003,20000.00,274877907,24000000000,350.0,375.0,256.0
Volari Duo V8 Ultra,Xgi,GPU,2003,4999.00,274877907,24000000000,350.0,375.0,256.0
Volari V3 XT,Xgi,GPU,2003,20000.00,137438953,6624000000,250.0,207.0,128.0
Volari V3,Xgi,GPU,2003,899.00,137438953,6400000000,200.0,200.0,128.0
Volari V5 Ultra,Xgi,GPU,2003,12000.00,274877907,12000000000,350.0,375.0,128.0
Volari V5,Xgi,GPU,2003,399.00,274877907,10400000000,325.0,325.0,128.0
Volari V8 Ultra,Xgi,GPU,2003,4999.00,274877907,12000000000,350.0,375.0,128.0
Volari V8,Xgi,GPU,2003,499.00,274877907,10400000000,300.0,325.0,128.0
Voodoo Banshee AGP 16 MB,3Dfx,GPU,1998,1499.00,17179869,3200000000,100.0,100.0,128.0
Voodoo Banshee PCI 16 MB,3Dfx,GPU,1998,15000.00,17179869,3200000000,100.0,100.0,128.0
Voodoo Graphics 4 MB,3Dfx,GPU,1996,399.00,4294967,1600000000,50.0,50.0,128.0
Voodoo2 12 MB,3Dfx,GPU,1998,4999.00,12884902,4320000000,90.0,90.0,192.0
Voodoo2 8 MB,3Dfx,GPU,1998,15000.00,8589935,4320000000,90.0,90.0,192.0
Voodoo3 1000 AGP,3Dfx,GPU,1999,399.00,17179869,4576000000,143.0,143.0,128.0
Voodoo3 2000 AGP,3Dfx,GPU,1999,15000.00,17179869,4576000000,143.0,143.0,128.0
Voodoo3 2000 PCI,3Dfx,GPU,1999,2499.00,17179869,4576000000,143.0,143.0,128.0
Voodoo3 3000 AGP,3Dfx,GPU,1999,399.00,17179869,5312000000,166.0,166.0,128.0
Voodoo3 3000 PCI,3Dfx,GPU,1999,6999.00,17179869,5312000000,166.0,166.0,128.0
Voodoo3 3500 TV AGP,3Dfx,GPU,1999,1499.00,17179869,5856000000,183.0,183.0,128.0
Voodoo4-2 4000 AGP,3Dfx,GPU,,1499.00,17179869,5312000000,166.0,166.0,128.0
Voodoo4-2 4200 AGP,3Dfx,GPU,,4999.00,17179869,4576000000,143.0,143.0,128.0
Voodoo4-2 4200 PCI 16 MB,3Dfx,GPU,,1199.00,17179869,5312000000,166.0,166.0,128.0
Voodoo4-2 4200 PCI 32 MB,3Dfx,GPU,,4999.00,34359738,5312000000,166.0,166.0,128.0
Voodoo4-2 4800 AGP,3Dfx,GPU,,30000.00,34359738,5312000000,166.0,166.0,128.0
Voodoo4 4000 AGP,3Dfx,GPU,,499.00,17179869,5312000000,166.0,166.0,128.0
Voodoo4 4500 AGP,3Dfx,GPU,2000,25000.00,34359738,5312000000,166.0,166.0,128.0
Voodoo4 4500 PCI,3Dfx,GPU,2000,899.00,34359738,5312000000,166.0,166.0,128.0
Voodoo4 4800 AGP,3Dfx,GPU,,299.00,68719477,5312000000,166.0,166.0,128.0
Voodoo5 5000 AGP,3Dfx,GPU,,20000.00,17179869,5312000000,166.0,166.0,128.0
Voodoo5 5000 PCI,3Dfx,GPU,,25000.00,17179869,5312000000,166.0,166.0,128.0
Voodoo5 5500 AGP,3Dfx,GPU,2000,35000.00,34359738,5312000000,166.0,166.0,128.0
Voodoo5 5500 PCI,3Dfx,GPU,2000,15000.00,34359738,5312000000,166.0,166.0,128.0
Voodoo5 6000,3Dfx,GPU,,1999.00,34359738,5312000000,166.0,166.0,128.0
Wii GPU,Ati,GPU,2006,1199.00,68719477,3888000000,243.0,243.0,64.0
Wii U GPU,AMD,GPU,2012,2499.00,2147483648,12800000000,550.0,800.0,64.0
WinBoost,Ati,GPU,1995,1199.00,2147484,640000000,40.0,40.0,64.0
WinCharger,Ati,GPU,1995,6999.00,2147484,640000000,40.0,40.0,64.0
WinTurbo,Ati,GPU,1995,15000.00,2147484,640000000,40.0,40.0,64.0
Radeon X1050 AGP,Ati,GPU,2006,35000.00,137438953,6400000000,250.0,200.0,128.0
Radeon X1050 AGP,Ati,GPU,2007,30000.00,137438953,6496000000,250.0,203.0,128.0
Radeon X1050,Ati,GPU,2006,699.00,137438953,5328000000,400.0,333.0,64.0
Radeon X1050,Ati,GPU,2008,299.00,137438953,3200000000,400.0,200.0,64.0
Radeon X1300 AGP,Ati,GPU,2005,12000.00,274877907,8000000000,450.0,250.0,128.0
Radeon X1300 LE,Ati,GPU,2005,499.00,68719477,4000000000,450.0,250.0,64.0
Radeon X1300 PCI,Ati,GPU,2005,2499.00,137438953,8000000000,450.0,250.0,128.0
Radeon X1300 PRO AGP,Ati,GPU,2005,25000.00,274877907,12800000000,600.0,400.0,128.0
Radeon X1300 PRO,Ati,GPU,2005,3499.00,137438953,12800000000,600.0,400.0,128.0
Radeon X1300 PRO,Ati,GPU,2006,15000.00,274877907,12800000000,600.0,400.0,128.0
Radeon X1300 XT AGP,Ati,GPU,2006,899.00,274877907,12800000000,500.0,400.0,128.0
Radeon X1300 XT,Ati,GPU,2006,40000.00,274877907,12800000000,500.0,400.0,128.0
Radeon X1300,Ati,GPU,2005,30000.00,274877907,8000000000,450.0,250.0,128.0
Radeon X1550 AGP,Ati,GPU,2007,15000.00,274877907,5280000000,600.0,330.0,64.0
Radeon X1550 PCI,Ati,GPU,2007,3499.00,274877907,4256000000,452.0,266.0,64.0
Radeon X1550,Ati,GPU,2007,25000.00,274877907,12800000000,600.0,400.0,128.0
Radeon X1600 PRO AGP,Ati,GPU,2007,899.00,274877907,12480000000,500.0,390.0,128.0
Radeon X1600 PRO,Ati,GPU,2005,35000.00,274877907,12480000000,500.0,390.0,128.0
Radeon X1600 XT Dual,Ati,GPU,,3499.00,274877907,22080000000,590.0,690.0,128.0
Radeon X1600 XT,Ati,GPU,2005,4999.00,274877907,22080000000,590.0,690.0,128.0
Radeon X1600,Ati,GPU,2007,30000.00,549755814,12800000000,635.0,400.0,128.0
Radeon X1650 AGP,Ati,GPU,2007,2499.00,274877907,12800000000,500.0,400.0,128.0
Radeon X1650 GTO,Ati,GPU,2007,30000.00,274877907,12544000000,587.0,392.0,128.0
Radeon X1650 GT,Ati,GPU,2007,40000.00,137438953,12800000000,400.0,400.0,128.0
Radeon X1650 PRO AGP,Ati,GPU,2006,6999.00,274877907,22400000000,600.0,700.0,128.0
Radeon X1650 PRO,Ati,GPU,2006,9999.00,274877907,22400000000,600.0,700.0,128.0
Radeon X1650 XT AGP,Ati,GPU,2006,40000.00,549755814,21760000000,540.0,680.0,128.0
Radeon X1650 XT Dual,Ati,GPU,2006,1499.00,274877907,22400000000,525.0,700.0,128.0
Radeon X1650 XT,Ati,GPU,2006,25000.00,274877907,22400000000,525.0,700.0,128.0
Radeon X1650,Ati,GPU,2007,1499.00,274877907,6272000000,635.0,392.0,64.0
Radeon X1700 FSC,Ati,GPU,2007,1499.00,274877907,22240000000,587.0,695.0,128.0
Radeon X1700 SE,Ati,GPU,2007,399.00,549755814,16000000000,500.0,500.0,128.0
Radeon X1800 CrossFire Edition,Ati,GPU,2005,9999.00,549755814,44800000000,600.0,700.0,256.0
Radeon X1800 GTO2,Ati,GPU,2006,499.00,274877907,32000000000,500.0,500.0,256.0
Radeon X1800 GTO,Ati,GPU,2006,1999.00,274877907,31680000000,500.0,495.0,256.0
Radeon X1800 XL,Ati,GPU,2005,499.00,274877907,32000000000,500.0,500.0,256.0
Radeon X1800 XT,Ati,GPU,2005,699.00,549755814,44800000000,600.0,700.0,256.0
Radeon X1900 CrossFire Edition,Ati,GPU,2006,899.00,549755814,46400000000,625.0,725.0,256.0
Radeon X1900 G5 Mac Edition,Ati,GPU,2006,499.00,274877907,38400000000,575.0,600.0,256.0
Radeon X1900 GT,Ati,GPU,2006,9999.00,274877907,38400000000,575.0,600.0,256.0
Radeon X1900 XTX,Ati,GPU,2006,9999.00,549755814,49600000000,650.0,775.0,256.0
Radeon X1900 XT,Ati,GPU,2006,6999.00,274877907,46400000000,625.0,725.0,256.0
Radeon X1950 CrossFire Edition,Ati,GPU,2006,499.00,549755814,64000000000,650.0,1000.0,256.0
Radeon X1950 GT AGP,Ati,GPU,2007,12000.00,274877907,38400000000,500.0,600.0,256.0
Radeon X1950 GT,Ati,GPU,2007,40000.00,274877907,38400000000,500.0,600.0,256.0
Radeon X1950 PRO AGP,Ati,GPU,2006,30000.00,549755814,44160000000,575.0,690.0,256.0
Radeon X1950 PRO DUAL,Ati,GPU,2007,12000.00,549755814,44160000000,575.0,690.0,256.0
Radeon X1950 PRO,Ati,GPU,2006,2499.00,274877907,44160000000,575.0,690.0,256.0
Radeon X1950 XT AGP,Ati,GPU,2006,35000.00,274877907,44992000000,625.0,703.0,256.0
Radeon X1950 XTX Uber Edition,Ati,GPU,2007,3499.00,549755814,67200000000,670.0,1050.0,256.0
Radeon X1950 XTX,Ati,GPU,2006,399.00,549755814,64000000000,650.0,1000.0,256.0
Radeon X1950 XT,Ati,GPU,2006,15000.00,274877907,57600000000,625.0,900.0,256.0
Radeon X300 LE,Ati,GPU,2004,15000.00,68719477,6400000000,325.0,200.0,128.0
Radeon X300 SE HyperMemory,Ati,GPU,2006,1499.00,137438953,4800000000,325.0,300.0,64.0
Radeon X300 SE,Ati,GPU,2004,399.00,68719477,3200000000,325.0,200.0,64.0
Radeon X300,Ati,GPU,2004,9999.00,68719477,6400000000,375.0,200.0,128.0
Radeon X550 HyperMemory,Ati,GPU,2005,699.00,274877907,8000000000,400.0,250.0,128.0
Radeon X550 XTX,Ati,GPU,2007,15000.00,137438953,4800000000,400.0,300.0,64.0
Radeon X550 XT,Ati,GPU,2007,6999.00,137438953,9600000000,400.0,300.0,128.0
Radeon X550,Ati,GPU,2005,1999.00,137438953,8000000000,400.0,250.0,128.0
Radeon X600 PRO,Ati,GPU,2004,9999.00,137438953,9600000000,400.0,300.0,128.0
Radeon X600 SE,Ati,GPU,2004,12000.00,137438953,4000000000,325.0,250.0,64.0
Radeon X600 XT,Ati,GPU,2004,299.00,137438953,11840000000,500.0,370.0,128.0
Radeon X600,Ati,GPU,2004,35000.00,274877907,8000000000,400.0,250.0,128.0
Radeon X700 AGP,Ati,GPU,2004,1499.00,137438953,8000000000,400.0,250.0,128.0
Radeon X700 LE,Ati,GPU,2004,1199.00,137438953,11200000000,400.0,350.0,128.0
Radeon X700 PRO AGP,Ati,GPU,2004,15000.00,137438953,15104000000,425.0,472.0,128.0
Radeon X700 PRO,Ati,GPU,2004,15000.00,137438953,13760000000,425.0,430.0,128.0
Radeon X700 SE,Ati,GPU,2005,3499.00,137438953,4000000000,400.0,250.0,64.0
Radeon X700 XT,Ati,GPU,2004,2499.00,137438953,16800000000,475.0,525.0,128.0
Radeon X700,Ati,GPU,2004,9999.00,137438953,8000000000,400.0,250.0,128.0
Radeon X740 XL,Ati,GPU,2005,9999.00,137438953,14400000000,425.0,450.0,128.0
Radeon X800 CrossFire Edition,Ati,GPU,2005,299.00,274877907,32000000000,500.0,500.0,256.0
Radeon X800 GT AGP,Ati,GPU,2005,6999.00,274877907,31552000000,475.0,493.0,256.0
Radeon X800 GT AGP,Ati,GPU,2007,15000.00,274877907,31552000000,473.0,493.0,256.0
Radeon X800 GTO AGP,Ati,GPU,2005,30000.00,274877907,31360000000,400.0,490.0,256.0
Radeon X800 GTO AGP,Ati,GPU,2007,4999.00,274877907,31360000000,400.0,490.0,256.0
Radeon X800 GTO2,Ati,GPU,2005,499.00,274877907,31360000000,400.0,490.0,256.0
Radeon X800 GTO,Ati,GPU,2005,15000.00,274877907,25600000000,400.0,400.0,256.0
Radeon X800 GTO,Ati,GPU,2007,9999.00,137438953,22400000000,400.0,350.0,256.0
Radeon X800 GT,Ati,GPU,2005,35000.00,137438953,22400000000,475.0,350.0,256.0
Radeon X800 PRO AGP,Ati,GPU,2004,12000.00,274877907,28800000000,475.0,450.0,256.0
Radeon X800 PRO,Ati,GPU,2004,1499.00,274877907,28800000000,475.0,450.0,256.0
Radeon X800 SE AGP,Ati,GPU,2004,9999.00,274877907,25600000000,450.0,400.0,256.0
Radeon X800 SE,Ati,GPU,2004,35000.00,137438953,22400000000,425.0,350.0,256.0
Radeon X800 VE AGP,Ati,GPU,2004,9999.00,274877907,25472000000,425.0,398.0,256.0
Radeon X800 XL AGP,Ati,GPU,2004,35000.00,274877907,32000000000,400.0,500.0,256.0
Radeon X800 XL,Ati,GPU,2004,899.00,274877907,31360000000,400.0,490.0,256.0
Radeon X800 XT AGP,Ati,GPU,2004,6999.00,274877907,32000000000,500.0,500.0,256.0
Radeon X800 XT Mac Edition,Ati,GPU,2004,35000.00,274877907,32000000000,475.0,500.0,256.0
Radeon X800 XT Platinum AGP,Ati,GPU,2004,399.00,274877907,35840000000,520.0,560.0,256.0
Radeon X800 XT Platinum,Ati,GPU,2004,1199.00,274877907,35840000000,520.0,560.0,256.0
Radeon X800 XT,Ati,GPU,2004,6999.00,274877907,32000000000,500.0,500.0,256.0
Radeon X800,Ati,GPU,2004,35000.00,274877907,22400000000,400.0,350.0,256.0
Radeon X850 CrossFire Edition,Ati,GPU,2006,9999.00,274877907,34560000000,520.0,540.0,256.0
Radeon X850 PRO AGP,Ati,GPU,2005,40000.00,274877907,32000000000,500.0,500.0,256.0
Radeon X850 PRO,Ati,GPU,2004,25000.00,274877907,33280000000,507.0,520.0,256.0
Radeon X850 XT AGP,Ati,GPU,2005,1199.00,274877907,34560000000,520.0,540.0,256.0
Radeon X850 XT Platinum AGP,Ati,GPU,2005,9999.00,274877907,37760000000,540.0,590.0,256.0
Radeon X850 XT Platinum,Ati,GPU,2004,4999.00,274877907,37760000000,540.0,590.0,256.0
Radeon X850 XT,Ati,GPU,2004,4999.00,274877907,34560000000,520.0,540.0,256.0
Xbox 360 E GPU,Ati,GPU,2013,299.00,549755814,22400000000,500.0,700.0,128.0
Xbox 360 GPU 65nm,Ati,GPU,2008,499.00,549755814,22400000000,500.0,700.0,128.0
Xbox 360 GPU 80nm,Ati,GPU,2007,399.00,549755814,22400000000,500.0,700.0,128.0
Xbox 360 GPU 90nm,Ati,GPU,2005,6999.00,549755814,22400000000,500.0,700.0,128.0
Xbox 360 S GPU,Ati,GPU,2010,499.00,549755814,22400000000,500.0,700.0,128.0
Xbox GPU,NVIDIA,GPU,2001,1499.00,68719477,6400000000,233.0,200.0,128.0
Xbox One GPU,AMD,GPU,2013,1999.00,8589934592,68224000000,853.0,1066.0,256.0
Xbox One S GPU,AMD,GPU,2016,25000.00,8589934592,68224000000,914.0,1066.0,256.0
Xbox One X GPU,AMD,GPU,2017,15000.00,12884901888,163200000000,1172.0,1700.0,384.0
Xbox Series S GPU,AMD,GPU,2020,6999.00,8589934592,56000000000,1565.0,1750.0,128.0
Xbox Series X GPU,AMD,GPU,2020,399.00,10737418240,140000000000,1825.0,1750.0,320.0
Xe DG1-SDV,Intel,GPU,,35000.00,8589934592,68256000000,900.0,2133.0,128.0
Xe DG1,Intel,GPU,,20000.00,4294967296,68256000000,900.0,2133.0,128.0
Xeon Phi 3120A,Intel,GPU,2012,40000.00,6442450944,120000000000,1100.0,1250.0,384.0
Xeon Phi 5110P,Intel,GPU,2012,899.00,8589934592,160000000000,1053.0,1250.0,512.0
Xeon Phi 5120D,Intel,GPU,2013,4999.00,8589934592,160000000000,1053.0,1250.0,512.0
Xeon Phi 7120P,Intel,GPU,2013,30000.00,17179869184,176000000000,1238.0,1375.0,512.0
Xeon Phi 7120X,Intel,GPU,2013,299.00,17179869184,176000000000,1238.0,1375.0,512.0
Xeon Phi SE10X,Intel,GPU,2012,20000.00,8589934592,176000000000,1100.0,1375.0,512.0
Radeon Xpress 1100 IGP,Ati,GPU,2007,9999.00,274877907,12800000000,100.0,133.0,128.0
Radeon Xpress 1100 Mobile IGP,Ati,GPU,2005,1499.00,274877907,12800000000,66.0,83.0,128.0
Radeon Xpress 1150 IGP,Ati,GPU,2007,2499.00,274877907,12800000000,100.0,133.0,128.0
Radeon Xpress 1150 Mobile IGP,Ati,GPU,2006,2499.00,274877907,12800000000,100.0,100.0,128.0
Radeon Xpress 1200 IGP,Ati,GPU,2007,9999.00,274877907,12800000000,133.0,133.0,128.0
Radeon Xpress 1200 Mobile IGP,Ati,GPU,2007,399.00,274877907,12800000000,144.0,139.0,128.0
Radeon Xpress 1250 IGP,Ati,GPU,2007,399.00,274877907,12800000000,84.0,143.0,128.0
Radeon Xpress 1250 Mobile IGP,Ati,GPU,2007,30000.00,274877907,12800000000,143.0,143.0,128.0
Radeon Xpress 1270 Mobile IGP,Ati,GPU,2007,4999.00,274877907,12800000000,120.0,143.0,128.0
Radeon Xpress 200 IGP,Ati,GPU,2004,2499.00,274877907,12800000000,75.0,70.0,128.0
Radeon Xpress 200M IGP,Ati,GPU,2005,20000.00,274877907,12800000000,60.0,83.0,128.0
Radeon Xpress 2100 IGP,Ati,GPU,2008,9999.00,274877907,12800000000,125.0,166.0,128.0
Zhongshan Subor Z+ GPU,AMD,GPU,2018,30000.00,8589934592,76800000000,1300.0,1200.0,256.0
